{
    "comment_index": 173,
    "comment_text": "कफील खान का भाषण हिंसा भड़काने वाला नहीं एकता का संदेश",
    "verdict": {
        "result": "NOT_HATE",
        "hate_types": [],
        "reasoning": "The comment expresses an opinion and, on its face, does not promote hate, incite violence, spread misinformation, or defame anyone. While context is important, the comment's intent appears to be to express an opinion about the nature of a speech. The advocate provides strong arguments that supports this view."
    }
}