{
    "comment_index": 46,
    "comment_text": "नहीं भूलेंगे भाई मैं मोदी का कट्टर समर्थक हुआ करता था लेकिन इन दिनों साला इतना दिमाग घूम गया है कि बस मोदी के नाम से ही नफरत होने लग गई मां कसम",
    "verdict": {
        "result": "HATE_SPEECH",
        "hate_types": [
            "hate",
            "offensive"
        ],
        "reasoning": "The comment expresses explicit hatred toward a named individual (Modi) and uses vulgar language (“साला”), making it both hate (targeted hateful sentiment) and offensive. It does not contain false factual claims or misinformation, so defamation and fake do not apply."
    }
}