{
    "comment_index": 108,
    "comment_text": "केंद्र सरकार ने लॉकडाउन के दौरान लोगों की नौकरी बचाने या नौकरी देने के लिए जो शानदार कदम उठाए हैं उन कदमों के बारे में जानने के लिए इस ट्वीट के रिप्लाई में विश्वगुरु लिखिए आपको सरकार के उठाए कदमों की एक लंबी लिस्ट दिखने लगेगी",
    "verdict": {
        "result": "NOT_HATE",
        "hate_types": [],
        "reasoning": "The comment is a pro-government promotional call-to-action and does not target any person or protected group with insults, demeaning language, or incitement. It makes no defamatory allegations. While it praises government actions, there is no clear evidence of misinformation. Therefore none of ['fake', 'hate', 'offensive', 'defamation'] apply."
    }
}