{
    "comment_index": 210,
    "comment_text": "एक यूज़र ने लिखा सबसे गलत जानकारी हमेशा यही देते हैं दूसरे ने लिखा कोई माइंड मत करना मैं बस वीडियोज़ को डिसलाइक करने की प्रैक्टिस कर रहा हूं तीसरे यूज़र ने लिखा हमें रोजगार चाहिए जुमला नहीं",
    "verdict": {
        "result": "NOT_HATE",
        "hate_types": [],
        "reasoning": "The comments express criticism and dissatisfaction but do not target any group with hateful intent, promote violence, or contain defamatory language. They are expressions of opinion and political frustration. Therefore, they do not constitute hate speech."
    }
}