{
    "comment_index": 61,
    "comment_text": "ये वही कमीना है जो कभी थिएटर के बाहर पिक्चर की टिकट ब्लेक किया करता था।",
    "verdict": {
        "result": "HATE_SPEECH",
        "hate_types": [
            "offensive",
            "defamation"
        ],
        "reasoning": "The comment uses a clear insult (“कमीना”), making it offensive, and it alleges illegal past conduct (“थिएटर के बाहर… टिकट ब्लैक किया करता था”) about a specific person without evidence, which is defamatory. It does not target a protected class, so “hate” is not applied, and there is insufficient basis to label it as “fake.”"
    }
}