{
    "comment_index": 187,
    "comment_text": "जेईईएनईईटी डरावने हालात में परीक्षा देने को मजबूर छात्रों की कहानी",
    "verdict": {
        "result": "NOT_HATE",
        "hate_types": [],
        "reasoning": "The comment describes a situation regarding the JEE/NEET exams. While the language used ('terrifying conditions') is emotionally charged, it does not directly promote hatred, incite violence, or target any specific group. The comment's potential for harm depends on the content it references, not the comment itself. Therefore, it does not meet the criteria for any hate category."
    }
}