{
    "comment_index": 209,
    "comment_text": "आज बजे फ़ेस बुक और ट्विटर पर आप लोगों से बेरोज़गारी और गिरती अर्थव्यव्स्था पर चर्चा करूँगा ।",
    "verdict": {
        "result": "NOT_HATE",
        "hate_types": [],
        "reasoning": "The comment is an announcement of a discussion about unemployment and the economy. While these topics can be sensitive and potentially lead to harmful speech, the comment itself does not contain any hateful, offensive, or defamatory content. The potential for harm is in the future discussion, not the initial announcement. Therefore, based on the principle of free speech, the comment does not fall under any of the predefined hate categories."
    }
}