{
    "comment_index": 157,
    "comment_text": "इंटरनेट प्रॉब्लम के चलते भारत और रूस को संयुक्त रूप से चेस ओलंपियाड का चैंपियन घोषित कर दिया गया है पहली बार इस ओलंपियाड को ऑनलाइन आयोजित किया गया था इससे पहले भारत ने कभी भी ओलंपियाड नहीं जीता था",
    "verdict": {
        "result": "NOT_HATE",
        "hate_types": [],
        "reasoning": "The comment provides factual information about a chess tournament without expressing hate, offense, defamation, or promoting fake information."
    }
}