{
    "comment_index": 37,
    "comment_text": "चंद्रयान मिशन सक्सेस होने ही वाला था कि मोदी जी ने वहां जाकर डिस्टर्ब कर दिया था जिसके कारण वैज्ञानिकों के महीनों की मेहनत बेकार हो गई थी",
    "verdict": {
        "result": "HATE_SPEECH",
        "hate_types": [
            "fake",
            "defamation"
        ],
        "reasoning": "The comment asserts as fact that Modi’s presence ‘disturbed’ the Chandrayaan mission and caused months of scientists’ work to be wasted. This is a specific causal accusation presented as factual without evidence and contrary to public records of a technical failure, making it misleading (fake). It also targets a named individual with an unsubstantiated blame that can harm reputation, fitting defamation. There is no slur, dehumanization, or attack on a protected group (not hate), and the language is not profane (not offensive)."
    }
}