{
    "comment_index": 65,
    "comment_text": "होंडा दिवाली के मौके पर एक्टिवा जी स्कूटर मुफ़्त में दे रही है ।",
    "verdict": {
        "result": "HATE_SPEECH",
        "hate_types": [
            "fake"
        ],
        "reasoning": "The comment claims Honda is giving Activa G scooters for free on Diwali without any source or evidence, resembling common misleading/scam giveaway messages. There is no hateful, offensive, or defamatory content. Therefore, only 'fake' applies; per the schema, presence of 'fake' makes the result HATE_SPEECH."
    }
}