{
    "comment_index": 73,
    "comment_text": "देश का किसान क्या चाहता है ये किसान खुद ही जानते है तुझ जैसे नीच कमिना जो सता के लालच में दिल्ली दंगा और थप्पड़ भी खा सकता है वो किसान की बात ना करे तो ही अच्छा है तो सरकार के हर बिल का विरोध ही किया है तलाक के राम मंदिर का फैसला कोर्ट ने किया इसका भी",
    "verdict": {
        "result": "HATE_SPEECH",
        "hate_types": [
            "offensive"
        ],
        "reasoning": "The comment contains direct abusive epithets and demeaning language (e.g., “तुझ जैसे नीच कमिना”) and hostile taunts referencing violence, which make it offensive. It does not target a protected class, so it is not hate. The insinuations about riots and being slapped are speculative/hyperbolic rather than concrete, verifiable claims, so defamation does not clearly apply. No misinformation is presented, so not fake."
    }
}