{
    "comment_index": 3,
    "comment_text": "मोदीजी और जब सारा देश सेना के साथ खडी है पर दो सयाने विदेश मे पडे है इसलिए बोलते हैं विदेशी मां का बेटा कभी देशभक्त न",
    "verdict": {
        "result": "HATE_SPEECH",
        "hate_types": [
            "hate",
            "offensive"
        ],
        "reasoning": "The comment targets opponents by calling someone “विदेशी मां का बेटा” and asserting such a person can never be patriotic, which denigrates on the basis of foreign origin/nationality (a protected characteristic). This identity-based generalization qualifies as hate. The tone is also derisive (“दो सयाने विदेश में पड़े हैं”), making it offensive. It does not contain specific false factual claims (not fake) and does not allege verifiable defamatory facts (not defamation)."
    }
}