{
    "comment_index": 97,
    "comment_text": "बिल्कुल गलत दिशा में भटक रहे कुछ कीजिए वह आपकी पार्टी को भटका रही है उसी में भटक रहे हैं बिहार में पिछले साल में घोटाले पार्टी के बड़े लीडर प्रचार करें हर रोज प्रेस कॉन्फ्रेंस कर हर घोटाले पर जिक्र कीजिए बिहार में उस पर सवाल कीजिए हर दिन उसको जवाब देने पर मजबूर कीजिए",
    "verdict": {
        "result": "NOT_HATE",
        "hate_types": [],
        "reasoning": "The comment is a strong political critique aimed at party leaders and an unnamed political figure. It targets political actors (a non-protected class), uses no slurs or dehumanizing language, contains no profanity or personal insults, asserts no concrete false facts about identifiable individuals, and presents no falsifiable misinformation. Therefore, no harmful category applies."
    }
}