{
    "comment_index": 162,
    "comment_text": "रविन्द्र सिंह यादव के खिलाफ विभागीय जांच शुरू शुकुलपुर छतार गांव के जयचंद पुत्र छोटू ने की थी शिकायत आरोपी आरक्षियों ने परिवारिक विवाद में पीड़ित जयचंद को थाने बुलाया",
    "verdict": {
        "result": "NOT_HATE",
        "hate_types": [],
        "reasoning": "The comment reports on an ongoing investigation. While it mentions a surname, it does not directly attack or demean any individual or group based on protected characteristics. The information provided, while potentially sensitive, does not rise to the level of defamation, offensive language, or hate speech when assessed in isolation. The comment does not promote violence, incite hatred, or target a group."
    }
}