{
    "comment_index": 130,
    "comment_text": "क्या एंटीवायरल दवाएं लेकर कोरोना से बचा जा सकता है",
    "verdict": {
        "result": "NOT_HATE",
        "hate_types": [],
        "reasoning": "The comment is a question seeking information about antiviral drugs and their effectiveness against COVID-19. It does not contain any direct instances of hate speech, defamation, offensiveness, or the spreading of false information. Although the potential for misinformation exists, the question itself is not the source of harm. Therefore, it does not meet the criteria for any of the predefined hate categories."
    }
}