{
    "comment_index": 69,
    "comment_text": "देश की सरकारी कंपनी बीएसएनएल को नुकसान पहुंचा कर जिओ एयरटेल को लाख करोड़ की फैदा पहुंचाई गई यदि साल पहले बीएसएनल को की होती तो यह पांच लाख करोड़ भारत की तिजोरी में होती भारत के तिजोरी से जनता की सुविधा के लिए खर्च होती जो भ्रष्टाचार की भेंट चढ़ गई देश के गद्दार को पहचाने",
    "verdict": {
        "result": "HATE_SPEECH",
        "hate_types": [
            "offensive",
            "defamation"
        ],
        "reasoning": "The comment alleges deliberate sabotage of BSNL and massive corrupt benefits to named companies (Jio, Airtel) without evidence, which constitutes unsubstantiated, reputation-harming accusations (defamation). It also uses inflammatory, insulting language (“देश के गद्दार” – traitors) urging people to identify such ‘traitors,’ which is offensive. It does not target a protected class, so “hate” does not apply; and while the claims are sweeping and unsourced, they read as political opinion rather than demonstrably fabricated facts, so “fake” is not assigned."
    }
}