{
    "comment_index": 71,
    "comment_text": "सियाचिन ग्लेशियर में तैनात भारतीय सैनिक यहाँ तापमान माइनस डिग्री सेल्सियस होता है",
    "verdict": {
        "result": "NOT_HATE",
        "hate_types": [],
        "reasoning": "The comment is a neutral, factual observation about Siachen Glacier temperatures and Indian soldiers. It contains no slurs, insults, or hostility toward any group, and makes no false or defamatory claims. Therefore, none of ['fake', 'hate', 'offensive', 'defamation'] apply."
    }
}