{
    "comment_index": 55,
    "comment_text": "शांतिपूर्ण प्रोटेस्ट सच में बोल दो ये भी दिल्ली पुलिस का ही करा धरा है।",
    "verdict": {
        "result": "HATE_SPEECH",
        "hate_types": [
            "defamation"
        ],
        "reasoning": "The comment makes an unverified, reputationally harmful allegation that the Delhi Police orchestrated the so-called peaceful protest ('ये भी दिल्ली पुलिस का ही करा धरा है'). It targets a specific institution with a serious claim without evidence. There are no slurs, no protected group targeting, and no abusive language; 'fake' is not determinable from the text. Therefore, 'defamation' applies and the result is HATE_SPEECH."
    }
}