{
    "comment_index": 215,
    "comment_text": "ने कहा कोरोना से लड़ सकती है मेरी बॉडी",
    "verdict": {
        "result": "NOT_HATE",
        "hate_types": [],
        "reasoning": "The comment expresses a personal belief about the user's body's ability to fight COVID-19. While potentially dismissive of the pandemic's severity or encouraging disregard for public health guidelines, it does not directly incite violence, hatred, or spread demonstrably false information. It does not target any specific group with abusive language or intent."
    }
}