{
    "comment_index": 137,
    "comment_text": "नहीं रहे प्रणब मुखर्जी आज दिल्ली में होगा अंतिम संस्कार",
    "verdict": {
        "result": "NOT_HATE",
        "hate_types": [],
        "reasoning": "The comment 'नहीं रहे प्रणब मुखर्जी आज दिल्ली में होगा अंतिम संस्कार' translates to a factual statement about the death of a public figure and funeral arrangements. It does not contain any hateful, offensive, or defamatory language and does not promote any kind of discrimination. Therefore, it is classified as NOT_HATE."
    }
}