{
    "comment_index": 102,
    "comment_text": "ये तुम्हारे धर्म को कुछ भी कहे तुम्हे इनके धर्म का सम्मान करना ही होगा नहीं करोगे तो युद्ध के लिए तैयार रहो हिंदुओं जातियों में बंटना छोड़ युद्ध की तैयारी करो क्योंकि हम भी हिन्दू धर्म का अपमान नहीं सहेंगे",
    "verdict": {
        "result": "HATE_SPEECH",
        "hate_types": [
            "hate",
            "offensive"
        ],
        "reasoning": "The comment urges a religious community (Hindus) to unite and prepare for 'war' in response to perceived disrespect of religions, issuing a conditional threat ('नहीं करोगे तो युद्ध के लिए तैयार रहो'). This explicitly promotes hostility and potential violence along religious lines, thus qualifying as hate. The tone is aggressive and threatening, making it offensive. There are no false factual claims (fake) or specific defamatory allegations against an individual or identifiable entity (defamation), so those do not apply."
    }
}