{
    "comment_index": 174,
    "comment_text": "कांग्रेस ने की संदीप सिंह के खिलाफ जांच की मांग से संबंध होने का लगाया आरोप",
    "verdict": {
        "result": "NOT_HATE",
        "hate_types": [],
        "reasoning": "The comment reports an accusation made by a political party. The comment, on its own, does not incite violence, use slurs, or target a group for discrimination. It is a factual report and does not meet the criteria for hate speech."
    }
}