{
    "comment_index": 86,
    "comment_text": "भारतीय सेना नेपाल में एयर स्ट्राइक करने जा रही थी। लेकिन नेपाल की सेना ने विमान को ध्वस्त कर दिया।",
    "verdict": {
        "result": "NOT_HATE",
        "hate_types": [],
        "reasoning": "The comment makes an unverified claim about a military incident but does not use slurs, dehumanizing language, or incite hatred. It targets institutions rather than identifiable individuals or protected groups, and there is no clear, provably false allegation against a person. Therefore, none of the categories ('fake', 'hate', 'offensive', 'defamation') apply."
    }
}