{
    "comment_index": 81,
    "comment_text": "पड़ोसी आपके बेटे की अचानक शादी कैसे टूट गयी पिता किसी कमीने ने अफवाह फैला दी कि वो कांग्रेसी है",
    "verdict": {
        "result": "HATE_SPEECH",
        "hate_types": [
            "offensive"
        ],
        "reasoning": "The comment contains explicit abusive language (“कमीने”), which is offensive. The mention of “कांग्रेसी” is presented as a rumor and not endorsed; it does not express hostility or incitement toward a political group, so ‘hate’ does not apply. It also does not assert a false factual claim as true about an identifiable person, so ‘defamation’ and ‘fake’ do not apply."
    }
}