{
    "comment_index": 185,
    "comment_text": "अफजलकसाब और याकूब की फांसी से लेकर इन फैसलों के लिए याद किए जाएंगे प्रणब मुखर्जी",
    "verdict": {
        "result": "NOT_HATE",
        "hate_types": [],
        "reasoning": "The comment is critical and mentions sensitive topics, but it does not incite violence, promote discrimination, or attack any protected group. It expresses an opinion about historical events and political figures, which is protected speech."
    }
}