{
    "comment_index": 155,
    "comment_text": "भाजपा नेता संजीव गुप्ता भतीजे सचिन गुप्ता पर ने गजरौला उप्र पर छापा मारा करोड़ तक की की नक़ली किताबें मिल चुकी हैं ।अब तक लगभग करोड़ तक की किताबें छाप चुकें हैं ।भक्तों का काम यही है ।",
    "verdict": {
        "result": "HATE_SPEECH",
        "hate_types": [
            "fake",
            "hate",
            "offensive",
            "defamation"
        ],
        "reasoning": "The comment uses derogatory language (\"bhakton\") to denigrate BJP supporters and links them to alleged illegal activities, which is a form of hate speech. The comment also potentially spreads misinformation, is offensive, and could be defamatory."
    }
}