{
    "comment_index": 57,
    "comment_text": "मन की बात रेडियो ऐड्रेस में कहा की एक करोड़ कोविड मरीज़ों का मुफ़्त इलाज किया जा चूका है",
    "verdict": {
        "result": "NOT_HATE",
        "hate_types": [],
        "reasoning": "Neutral report about a radio address claiming one crore COVID patients received free treatment. Contains no slurs, threats, or insults; targets no protected group; makes no reputational allegations; and there is no evidence of falsity, so it is not fake."
    }
}