{
    "comment_index": 124,
    "comment_text": "तेरी बहन के आगे और पीछे दोनों एक साथ डालेंगे",
    "verdict": {
        "result": "HATE_SPEECH",
        "hate_types": [
            "hate",
            "offensive"
        ],
        "reasoning": "The comment explicitly threatens graphic sexual violence against a woman (“teri behen”), which constitutes gender-based targeting and hateful conduct. The plural form implies group assault, further intensifying the threat. The language is extremely vulgar, dehumanizing, and abusive, making it offensive as well. It does not contain factual claims (so not defamation) and does not present misinformation (so not fake)."
    }
}