{
    "comment_index": 136,
    "comment_text": "पांच महीने के बाद आज से पटरी पर दौड़ेगी मेट्रो मास्कसोशल डिस्टेंसिंग का रखना होगा ध्यान",
    "verdict": {
        "result": "NOT_HATE",
        "hate_types": [],
        "reasoning": "The comment is a factual statement about the resumption of metro services and safety guidelines. It does not contain hate speech, offensive language, defamation, or fake information. Therefore, it does not fall into any of the predefined hate categories."
    }
}