{
    "comment_index": 44,
    "comment_text": "आज एक इलेक्ट्रिक की दूकान में गया और बोला एक राहुल दे दो उसने तुरन्त एक ट्यूबलाइट दे दियाआजकल प्रचार होते देर नही लगती",
    "verdict": {
        "result": "HATE_SPEECH",
        "hate_types": [
            "offensive"
        ],
        "reasoning": "The comment uses sarcastic ridicule equating 'Rahul' (likely Rahul Gandhi) with a 'tube light,' a Hindi idiom implying slow/dim-witted, which is a demeaning personal insult. This fits the 'offensive' category. It does not target a protected group (so not 'hate'), asserts no false facts (so not 'defamation'), and is not misinformation (so not 'fake')."
    }
}