{
    "comment_index": 201,
    "comment_text": "देखिए अहम ख़बरें पूर्व राष्ट्रपति प्रणब मुखर्जी को दी गई अंतिम विदाई पूर्व राष्ट्रपति प्रणब मुखर्जी को श्रद्धांजलि विश्व के नेताओं ने प्रणब दा को किया याद जेईई मेन्स की परीक्षा शुरू कोविड स्वस्थ होने की दर करीब",
    "verdict": {
        "result": "NOT_HATE",
        "hate_types": [],
        "reasoning": "The comment presents a series of news headlines. It does not contain any discriminatory, hateful, offensive, or defamatory language. Therefore, it does not fall into any of the predefined hate categories."
    }
}