{
    "comment_index": 54,
    "comment_text": "माननीय राज्यसभा सांसद श्री रंजन गोगोई जी को कोरोना संक्रमित होने का समाचार प्राप्त हुआ। मैं विश्व विधाता भगवान श्रीराम से उनके स्वास्थ्य लाभ की प्रार्थना करती हूँ।",
    "verdict": {
        "result": "NOT_HATE",
        "hate_types": [],
        "reasoning": "The comment is respectful and empathetic, reporting that an MP reportedly has COVID-19 and offering prayers for recovery. It contains no insults, slurs, hostility, or defamatory claims, and does not target any protected group or individual with hate. Therefore, none of [\"fake\",\"hate\",\"offensive\",\"defamation\"] apply."
    }
}