{
    "comment_index": 42,
    "comment_text": "पिछले वर्षों ने यह सिद्ध कर दिया कि कांग्रेस कोई राजनैतिक दल नही एक छुपा हुआ इस्लामिक संगठन है",
    "verdict": {
        "result": "HATE_SPEECH",
        "hate_types": [
            "hate",
            "offensive",
            "defamation",
            "fake"
        ],
        "reasoning": "By calling Congress a 'hidden Islamic organization,' the comment uses 'Islamic' as a pejorative, fueling religion-based suspicion and stigma (hate), employs insulting/conspiratorial labeling (offensive), presents an unsubstantiated conspiracy as proven (fake), and makes a harmful factual assertion that can damage the party’s reputation (defamation). Hence multiple harmful categories apply."
    }
}