{
    "comment_index": 131,
    "comment_text": "कैलिफ़ोर्निया में सुशांत के लिए निकली सत्याग्रह कार रैली बहन श्वेता ने की प्रार्थना",
    "verdict": {
        "result": "NOT_HATE",
        "hate_types": [],
        "reasoning": "The comment, in isolation, is a factual statement. It does not contain any hateful, offensive, or defamatory content. While the context surrounding the comment could be used for harmful purposes, the comment itself is a neutral report of events."
    }
}