{
    "comment_index": 51,
    "comment_text": "भाईजान का बेटा है नाले के पानी से फल धोकर स्वच्छ पानी की बचत कर रहा है । हिन्दुओं नवरात्र के उपवास में इस महान राष्ट्रभक्त पर्यावरणप्रेमी से ही फल खरीदना । जय मातादी",
    "verdict": {
        "result": "HATE_SPEECH",
        "hate_types": [
            "hate",
            "offensive",
            "defamation",
            "fake"
        ],
        "reasoning": "The comment uses a communal dog-whistle (“भाईजान”) to imply a Muslim vendor and contrasts this with explicit references to “हिन्दुओं,” Navratri fasting, and “जय मातादी,” framing a Hindu–Muslim divide. It deploys a degrading stereotype that the vendor washes fruit with sewer water, and uses mocking sarcasm, encouraging prejudice and social/economic ostracism. The claim is a harmful, unverified allegation about the vendor’s conduct that can damage reputation and livelihood, and aligns with common fabricated rumors about Muslim vendors. Hence it qualifies as hate, offensive, defamatory, and fake."
    }
}