{
    "comment_index": 0,
    "comment_text": "मेरे देश के हिन्दु बहुत निराले है। कुछ तो पक्के राम भक्त है और कुछ बाबर के साले है जय श्री राम",
    "verdict": {
        "result": "HATE_SPEECH",
        "hate_types": [
            "hate",
            "offensive"
        ],
        "reasoning": "The comment targets a religious group (Hindus), dividing them and deriding a subset as 'बाबर के साले'—a derogatory insult that otherizes them by associating with a Muslim ruler. This expresses contempt on religious/communal lines (hate) and uses explicit abusive language (offensive). It makes no factual claims and names no individual, so 'fake' and 'defamation' do not apply."
    }
}