{
    "comment_index": 38,
    "comment_text": "न भक्ति न श्रद्धा न ज्ञान ईवेन्टमैनेजमेन्ट और अपना बखान चप्पल जूते पहन कर कौन जाता है मंदिरों में जी",
    "verdict": {
        "result": "HATE_SPEECH",
        "hate_types": [
            "offensive"
        ],
        "reasoning": "Weighing both sides, the comment is a sarcastic, derisive put-down of people’s conduct around temple visits—accusing them of lacking devotion/knowledge, doing event management/self-promotion, and shaming them for wearing shoes. This tone is insulting and demeaning, fitting the 'offensive' category. It does not explicitly target a protected class with dehumanization or incitement (so not 'hate'), identifies no specific person and makes no verifiable false allegation (so not 'defamation' or 'fake'). Accordingly, 'offensive' applies, making the result HATE_SPEECH under the given schema."
    }
}