{
    "comment_index": 172,
    "comment_text": "बिकरू कांड में के खजांची के तीनों भाइयों का सरेंडर",
    "verdict": {
        "result": "NOT_HATE",
        "hate_types": [],
        "reasoning": "The comment states the surrender of the three brothers of K Khajanchi in the Bikru case. While the context is sensitive, the statement does not directly call for violence, discrimination, or any other form of harm. The comment does not meet the threshold for hate speech, and the potential for defamation depends on the truthfulness of the statement."
    }
}