{
    "comment_index": 26,
    "comment_text": "कंगना का सपोर्ट करने वाली मीडिया से उम्मीद है कि जब झुग्गियों को तोड़ने के लिए आएगी तब उसका भी विरोध करेगी",
    "verdict": {
        "result": "NOT_HATE",
        "hate_types": [],
        "reasoning": "The comment criticizes a segment of media supporting Kangana and calls for consistency in opposing slum demolitions. It does not use slurs, dehumanizing language, or profanity, nor does it make false factual claims or target a protected group. Therefore, none of the categories (fake, hate, offensive, defamation) apply."
    }
}