{
    "comment_index": 139,
    "comment_text": "टैंक गेम्स में सामने आई चीनी टैंक की असलियत",
    "verdict": {
        "result": "NOT_HATE",
        "hate_types": [],
        "reasoning": "The comment 'टैंक गेम्स में सामने आई चीनी टैंक की असलियत' (The reality of Chinese tanks revealed in tank games) is a statement about the performance of Chinese tanks in a tank game. While the comment could be interpreted negatively, it doesn't directly attack a protected group, incite violence, or promote hatred. The focus is on the tanks' performance within a game, not on the Chinese people. The comment doesn't meet the threshold for hate speech as it lacks clear intent to harm or promote hatred against a group. The language used, while potentially critical, doesn't cross the line into discriminatory or hateful expression."
    }
}