{
    "comment_index": 59,
    "comment_text": "मुंबई में डॉक्टर मनीषा पाटिल की कोरोना पेशेंट का इलाज करने के बाद मौत हो गई। वे खुद को ही नहीं बचा सकीं",
    "verdict": {
        "result": "NOT_HATE",
        "hate_types": [],
        "reasoning": "The comment mentions a doctor’s death and adds “she couldn’t save herself,” which can be read as an insensitive observation but does not target a protected class, use slurs or threats, or demean based on protected characteristics. It also does not present a verifiably false or reputationally damaging claim. Therefore it does not meet the thresholds for fake, hate, offensive, or defamation."
    }
}