{
    "comment_index": 199,
    "comment_text": "मप्र सरकार ने ग्वालियर के महाराजपुरा में एकड़ जमीन डीआरडीओ को आंवटित करने का निर्णय लिया है। ग्वालियर के हित मे लिए गए इस निर्णय के लिए मुख्यमंत्री श्री जी का हृदय से धन्यवाद। सरकार के इस निर्णय के बाद अब ग्वालियर की किसी भी संपत्ति को नुकसान नही होगा।",
    "verdict": {
        "result": "NOT_HATE",
        "hate_types": [],
        "reasoning": "The comment expresses gratitude for a government decision. It does not contain any hateful, offensive, defamatory, or fake content. The language is positive and praises the Chief Minister and the government's action. The interpretation of the comment as subtly implying negative past actions is a weak and speculative one, and it does not align with any hate speech categories."
    }
}