{
    "comment_index": 30,
    "comment_text": "कंगना राणावत ने मुम्बई की तुलना से की है क्या अब उनके खिलाफ देशद्रोही का मुकदमा दर्ज होगा क्या कंगना जेल जायेंगी या फिर जाति और धर्म के हिसाब से उन्हें बख्श दिया जायेगा",
    "verdict": {
        "result": "HATE_SPEECH",
        "hate_types": [
            "offensive"
        ],
        "reasoning": "The comment uses charged, accusatory language toward an individual (e.g., invoking sedition and jail, ‘देशद्रोही’) in a rhetorically inflammatory way, which is offensive. While it mentions caste and religion, it does not target or vilify a specific protected group nor call for harm, so ‘hate’ does not apply. It poses questions rather than asserting verifiable false facts, so it is not ‘fake’ or ‘defamation’."
    }
}