{
    "comment_index": 24,
    "comment_text": "हिंदुस्तान में जज भ्रष्ट जस्टिस काटजू हिंदुस्तान में पूरी व्यवस्था भ्रष्ट और नष्ट हो चुकी है क्रांति की जरूरत जस्टिस काटजू न्यायालय से न्याय की उम्मीद मूर्ख लोग करते हैं जस्टिस काटजू भारत के संतरी से लेकर मंत्री तक भ्रष्ट जस्टिस काटजू देश में क्रांति की जरूरत",
    "verdict": {
        "result": "HATE_SPEECH",
        "hate_types": [
            "offensive"
        ],
        "reasoning": "The comment uses insulting and derogatory language (e.g., calling people who expect justice from courts 'मूर्ख लोग' and labeling entire institutions as 'भ्रष्ट'), which is offensive. It does not target a protected class, so 'hate' does not apply. The references to 'जस्टिस काटजू' are ambiguous and lack specific, verifiable allegations, so 'defamation' is not clearly met. Claims are largely hyperbolic opinion rather than falsifiable facts, so 'fake' does not apply."
    }
}