{
    "comment_index": 82,
    "comment_text": "मुंबई में लगे पाकिस्तान जिंदाबाद के नारे ठाकरे सरकार मे सपा पार्टी के कोटे के मंत्री अब्बूआज़मी के सामने लगते रहे पाकिस्तान जिंदाबाद के नारे माननीय महोदय जी अनुरोध है इन पाकिस्तान प्रेमियों गद्दार देशद्रोहियों को बुरी तरह देश के बाहर खदेड़ा जाए",
    "verdict": {
        "result": "HATE_SPEECH",
        "hate_types": [
            "hate",
            "offensive"
        ],
        "reasoning": "The comment vilifies a group labeled as 'Pakistan lovers/traitors/anti-nationals' and calls for them to be forcibly expelled from the country, advocating coercive exclusion/violence against a targeted group based on perceived national/political allegiance. It also uses derogatory, demeaning language. Although a public figure (Abu Azmi) is mentioned, there is no specific, provably false factual allegation about him, so defamation does not apply; nor is there a verifiable false claim to mark as fake."
    }
}