{
    "comment_index": 115,
    "comment_text": "दीदी की राजनीति की जिहादी प्रकृति अब हिंदू धर्म और संस्कृति को नष्ट करने पर तुली हुई है। देखें कि कैसे एक धार्मिक समूह ने पश्चिम बंगाल के मुर्शिदाबाद इलाके में एक मंदिर पर हमला किया और एक मंदिर को नष्ट कर दिया। शर्मनाक।",
    "verdict": {
        "result": "HATE_SPEECH",
        "hate_types": [
            "hate",
            "offensive",
            "defamation"
        ],
        "reasoning": "The comment labels a politician’s politics as having a 'jihadi' nature—a Muslim-coded extremist slur—and alleges intent to destroy Hindu religion and culture, which vilifies via religious association and fuels communal hostility (hate). The phrasing is inflammatory and insulting ('जिहादी प्रकृति', 'नष्ट करने पर तुली') (offensive). It also makes damaging, fact-like accusations about a public figure’s ideology and intent without evidence, potentially harming reputation (defamation)."
    }
}