{
    "comment_index": 9,
    "comment_text": "कुत्ते में भी एकता होती है विचारों में विरोध होती लेकिन फिर भी उसे में एकता होती है पत्रकार में नहीं आज तक न्यूज़ चैनल पर आशुतोष सर को गौरव भाटिया बोला दोनों कान पर थप्पड़ मारूंगा वहां बैठा पत्रकार रोहित सरदाना सुनती रही मुझे बहुत दुख हुई",
    "verdict": {
        "result": "HATE_SPEECH",
        "hate_types": [
            "hate",
            "offensive"
        ],
        "reasoning": "The comment demeans a group (journalists) by unfavorably comparing them to dogs and making a sweeping negative generalization, which is group-directed hostility/dehumanization (hate). It also includes insulting and aggressive/violent phrasing (quoting a threat), making it offensive. The on-air incident is presented as an observation; without evidence of falsity, it does not warrant 'fake' or 'defamation'."
    }
}