{
    "comment_index": 156,
    "comment_text": "श्रमिकों के लिए समर्पित प्रदेश सरकार द्वारा कोरोना महामारी में राहत प्रदान करते हुए लाख से अधिक श्रमिकों को हजार भरणपोषण भत्ता दिया गया।",
    "verdict": {
        "result": "NOT_HATE",
        "hate_types": [],
        "reasoning": "The comment is a factual statement about government action, reporting on financial assistance provided to laborers during the pandemic. It does not contain any hate speech elements such as incitement, defamation, or promotion of discrimination. The potential for misuse in a broader context does not justify classifying the comment itself as hateful or offensive. Restricting the comment based on hypothetical interpretations would set a dangerous precedent for censorship."
    }
}