{
    "comment_index": 123,
    "comment_text": "साहब कश्मीरी मुसलमानों पर ज़ुल्म बंद कीजिए",
    "verdict": {
        "result": "NOT_HATE",
        "hate_types": [],
        "reasoning": "This is a respectful plea to an authority to stop alleged oppression of Kashmiri Muslims. It contains no insults, slurs, dehumanization, or calls for violence against any group. It does not present a verifiable false claim or target a specific person/institution for reputational harm, so neither fake nor defamation applies."
    }
}