{
    "comment_index": 205,
    "comment_text": "फेसबुक का राजनीतिक भेदभाव अब केन्द्रीय मंत्री रविशंकर प्रसाद का जकरबर्ग को लेटर कहा फेसबुक के कर्मचारी देते हैं मोदी को गाली",
    "verdict": {
        "result": "HATE_SPEECH",
        "hate_types": [
            "fake",
            "offensive",
            "defamation",
            "hate"
        ],
        "reasoning": "The comment contains elements that warrant its classification as hate speech. It makes a likely false claim ('Facebook employees swear/curse at Modi'), thus qualifying as 'fake'. This claim is offensive as it implies abusive behavior toward a political figure, meeting the 'offensive' criterion. Moreover, the statement has the potential to damage the reputation of Facebook employees, thus meeting 'defamation'. Furthermore, the comment attempts to create a negative image of Facebook employees, potentially inciting hatred towards them due to association with abusive language. While not explicitly inciting violence, the intent to denigrate and create a negative perception, combined with the presence of 'fake', 'offensive' and 'defamation' content, crosses the threshold into hate speech. The cumulative effect of these elements outweighs the arguments against its classification."
    }
}