{
    "comment_index": 94,
    "comment_text": "रिया जेल गयी इसमें कौन सी बड़ी बात है संजीव भट्ट भी जेल में हैं प्रज्ञा संसद में है नीरव मोदी विदेश में है मोड़ी स",
    "verdict": {
        "result": "NOT_HATE",
        "hate_types": [],
        "reasoning": "The comment critiques legal/political outcomes of public figures without targeting a protected class, using slurs/profanity, inciting harm, or making verifiably false specific allegations. None of ['fake', 'hate', 'offensive', 'defamation'] apply."
    }
}