{
    "comment_index": 5,
    "comment_text": "आजम खान की बेटी पर ससूर ने किया रेप। अब ये उठता है कि होने वाला बच्चा आजम खान के रियल दमाद को क्या बोलेगा।",
    "verdict": {
        "result": "HATE_SPEECH",
        "hate_types": [
            "offensive",
            "defamation",
            "fake"
        ],
        "reasoning": "The comment uses a rape allegation and insinuations about pregnancy as a taunt to humiliate named individuals (Azam Khan and his family), which is grossly demeaning and victim-shaming (offensive). It asserts a serious criminal act and paternity scandal about identifiable persons as fact without evidence, risking reputational harm (defamation). The sensational claim is presented as a factual statement with no sourcing, resembling unverified rumor/misinformation (fake). It targets individuals rather than a protected group, so the 'hate' category does not apply."
    }
}