{
    "comment_index": 198,
    "comment_text": "देशद्रोही मीडिया को नही दिखता की गलवान में फिंगर से तक चीन कब्जा कर बैठा है। अरुणांचल में आज लोगों को चीनी अगुआ कर ले गए। सुशांत का आत्म हत्या ही राष्ट्र है।",
    "verdict": {
        "result": "NOT_HATE",
        "hate_types": [],
        "reasoning": "The comment uses strong, critical language and makes claims about sensitive topics, including the media, border issues, and a personal tragedy. However, it does not directly incite violence, discrimination, or hatred toward any protected group. While some statements could be considered offensive or contain potentially false information, they do not meet the threshold for legally or ethically actionable hate speech. The criticism of the media, the claims about border issues, and the statement about Sushant Singh Rajput do not constitute hate speech."
    }
}