{
    "comment_index": 95,
    "comment_text": "अर्पित का छोटा है। वाया पड़ोस वाली कुतिया",
    "verdict": {
        "result": "HATE_SPEECH",
        "hate_types": [
            "hate",
            "offensive"
        ],
        "reasoning": "The comment contains a gendered, dehumanizing slur “कुतिया” (bitch) directed at a woman (“पड़ोस वाली”), which qualifies as hate targeting a protected characteristic (gender). It also includes vulgar, sexually demeaning body-shaming of “अर्पित,” making it clearly offensive. There is no fabricated information (fake) and no specific verifiable defamatory claim; it functions as insult rather than factual allegation. Therefore, applicable categories are hate and offensive, resulting in HATE_SPEECH."
    }
}