{
    "comment_index": 83,
    "comment_text": "गुंडा गर्दी का आलम ये है की अब राज्यसभा को भी नहीं छोड़ा जा रहा हैं पाप पार्टी के लीडर किस दोगले को रखा हैं रे केजु साला कुकुर को गांड मे पेट्रोल डाल देना चाहिए पाप पार्टी",
    "verdict": {
        "result": "HATE_SPEECH",
        "hate_types": [
            "hate",
            "offensive",
            "defamation"
        ],
        "reasoning": "The comment targets a political leader and party with dehumanization (calling him a dog) and explicitly advocates violent, sexualized harm (“गांड में पेट्रोल डाल देना चाहिए”), which constitutes hateful/violent speech. It is laden with profanity and derogatory insults (“साला,” “दोगले,” “पाप पार्टी”), making it offensive. It also implies criminal/thuggish conduct (“गुंडा गर्दी… राज्यसभा को भी नहीं छोड़ा”) as factual without evidence, which can harm reputation, fitting defamation. No clear verifiable misinformation is presented, so ‘fake’ does not apply."
    }
}