{
    "comment_index": 68,
    "comment_text": "संसद में सवाल नहीं पूछें जा सकते तो फिर सड़के किस लिये हैं सरकार के हर नेता और अफसर को चौराहे पर घेर कर सवाल पूंछो",
    "verdict": {
        "result": "HATE_SPEECH",
        "hate_types": [
            "offensive"
        ],
        "reasoning": "The comment calls for surrounding government leaders and officials in public (“घेर कर”) to confront them, encouraging targeted, coercive public harassment and intimidation. While it contains no slurs, protected-class targeting, or specific false allegations (so not 'hate', 'fake', or 'defamation'), the exhortation to mob-like confrontation makes it offensive."
    }
}