{
    "comment_index": 146,
    "comment_text": "बैंकिग सिस्टम में इस समय बैंकों का कुल बकाया कर्ज लाख करोड़ रुपये के स्तर पर है",
    "verdict": {
        "result": "NOT_HATE",
        "hate_types": [],
        "reasoning": "The comment reports a factual statement about financial data. It does not contain any hateful, offensive, defamatory, or fake elements. Therefore, it does not meet the criteria for hate speech."
    }
}