{
    "comment_index": 138,
    "comment_text": "अब जापान ने दिया चीन को झटका कामकाज भारत शिफ्ट करने वाली कंपनियों को देगा इन्सेंटिव",
    "verdict": {
        "result": "NOT_HATE",
        "hate_types": [],
        "reasoning": "The comment discusses economic activity and does not directly incite violence, discrimination, or animosity toward any protected group. The potential for negative interpretation is indirect and insufficient to classify it as hate speech. The comment is an opinion on economic trends."
    }
}