{
    "comment_index": 45,
    "comment_text": "मैं किसानो की बात करता हूँ और बहुत सी चीज़ें कही जा सकती हैं ठहरिये भइआ बोलने दीजिये",
    "verdict": {
        "result": "NOT_HATE",
        "hate_types": [],
        "reasoning": "The content is a polite request to speak about farmers and includes no slurs, insults, threats, demeaning language, or false/defamatory claims. Therefore none of the categories (fake, hate, offensive, defamation) apply."
    }
}