{
    "comment_index": 191,
    "comment_text": "को सिक्योरिटी प्रदान करने पर शिवसेना नेता प्रियंका चतुर्वेदी ने नाराजगी जताई",
    "verdict": {
        "result": "NOT_HATE",
        "hate_types": [],
        "reasoning": "The comment is a factual report and does not contain any hate speech, offensive language, or defamatory statements. It does not promote or incite hatred, violence, or discrimination against any individual or group."
    }
}