{
    "comment_index": 180,
    "comment_text": "जानेमाने वकील प्रशांत भूषण को अवमानना में सजा पर सुप्रीम कोर्ट का फैसला थोड़ी देर में आने वाला है।",
    "verdict": {
        "result": "NOT_HATE",
        "hate_types": [],
        "reasoning": "The comment is a factual statement about an upcoming court decision. It does not contain any elements of hate speech, defamation, or offensive content. The language is neutral and informative. Based solely on the text provided, and in accordance with the arguments from both the critic and the advocate, it does not constitute hate speech."
    }
}