{
    "comment_index": 190,
    "comment_text": "कृपया वर्तमान स्थिति से अवगत कराएँ।",
    "verdict": {
        "result": "NOT_HATE",
        "hate_types": [],
        "reasoning": "The comment 'कृपया वर्तमान स्थिति से अवगत कराएँ।' is a neutral request for information. There is no evidence of hate speech, incitement, or targeting of any group. The arguments for potential harm rely on speculative context, which is insufficient to label the comment as hateful. The burden of proof for labeling speech as hateful has not been met."
    }
}