{
    "comment_index": 100,
    "comment_text": "गर्भवती हथनी की अंतिम विदाई की तस्वीर श्रधांजलि",
    "verdict": {
        "result": "NOT_HATE",
        "hate_types": [],
        "reasoning": "The comment is a condolence/tribute about a pregnant elephant’s farewell photo. It targets no person or group, uses no abusive language, makes no factual claims, and does not harm anyone’s reputation. Therefore none of 'fake', 'hate', 'offensive', or 'defamation' apply."
    }
}