{
    "comment_index": 113,
    "comment_text": "यह ओडिशा में क्रिस्चियन लोगों के साथ किया जा रहा अत्याचार है",
    "verdict": {
        "result": "NOT_HATE",
        "hate_types": [],
        "reasoning": "The comment describes Christians in Odisha as victims without attacking any group. It contains no slurs, dehumanization, incitement, insults, or defamation, and there is no basis from the text alone to label it as fake."
    }
}