{
    "comment_index": 62,
    "comment_text": "पुरी जगन्नाथ धाम से की दूरी पर के पास साहूपद गांव में हजारों वर्ष पुराना शिवलिंग का मिलना कौतूहल का विषय बन गया खेत जोतने वाले एक किसान ने यह खोज की हैहो सकता है कि हजारों साल पहले यह स्थान पूजा स्थल भी रहा हो",
    "verdict": {
        "result": "NOT_HATE",
        "hate_types": [],
        "reasoning": "टिप्पणी पुरी जगन्नाथ धाम के पास खेत में प्राचीन शिवलिंग मिलने की सूचना और एक संभावना व्यक्त करती है। इसमें किसी व्यक्ति या समुदाय के विरुद्ध आक्षेप, तिरस्कार, गाली-गलौज या उकसाव नहीं है, इसलिए hate या offensive नहीं। किसी की प्रतिष्ठा को नुकसान पहुँचाने वाला आरोप नहीं है, अतः defamation नहीं। “हजारों वर्ष पुराना” जैसी बात कौतूहल/संभावना के रूप में कही गई है, निर्णायक भ्रामक दावा नहीं; अतः fake भी नहीं।"
    }
}