{
    "comment_index": 85,
    "comment_text": "मोदीजी और जब सारा देश सेना के साथ खडी है पर दो सयाने विदेश मे पडे है इसलिए बोलते हैं विदेशी मां का बेटा कभी देशभक्त नहीं हो सकता",
    "verdict": {
        "result": "HATE_SPEECH",
        "hate_types": [
            "hate",
            "offensive"
        ],
        "reasoning": "The comment declares that a 'son of a foreign mother can never be patriotic,' which targets individuals based on ancestry/national origin (foreign parentage) and categorically excludes their loyalty—xenophobic and discriminatory. It also uses derisive language toward opponents ('two wise guys abroad'). This fits hate and offensive, but not defamation (no specific false factual allegation) and not fake (no verifiable factual claim)."
    }
}