{
    "comment_index": 182,
    "comment_text": "इयोन मॉर्गन ने उंगली टूटने के बावजूद खेलना जारी रखा फैंस के दिल में बनाई जगह",
    "verdict": {
        "result": "NOT_HATE",
        "hate_types": [],
        "reasoning": "The comment expresses admiration for Eoin Morgan's resilience and dedication. It does not contain any hateful, offensive, defamatory, or false content. It is a positive statement about a sporting achievement."
    }
}