{
    "comment_index": 170,
    "comment_text": "बिहार चुनाव नीतीश कुमार की पहली वर्चुअल रैली बोले कुछ लोग सिर्फ आलोचना करते हैं",
    "verdict": {
        "result": "NOT_HATE",
        "hate_types": [],
        "reasoning": "The comment is a statement about political criticism. While it could be seen as dismissive of critics, it does not contain direct incitement, threats, or targeting of any protected group. The statement is a generalization about critics and does not promote hatred or violence."
    }
}