{
    "comment_index": 116,
    "comment_text": "अब वो वक्त दूर नहीं जब अवध में मंदिर निर्माण शुरू होगा। और वो वक्त भी दूर नहीं जब मुल्लो तुमको हमारा मुल्क छोड़कर भागना होगा। संतो को मारने वाले अब भारत में नहीं बचेंगे। हिन्दुस्थान हिन्दुओं का है यहां केवल हिन्दू ही रहेंगे। भागो कांग्रेसी मुल्लों",
    "verdict": {
        "result": "HATE_SPEECH",
        "hate_types": [
            "hate",
            "offensive",
            "defamation"
        ],
        "reasoning": "Critic shows the comment targets Muslims via the slur “मुल्लो,” demands their expulsion (“मुल्क छोड़कर भागना होगा”), asserts exclusion (“यहां केवल हिन्दू ही रहेंगे”), and implies elimination (“अब भारत में नहीं बचेंगे”), which constitutes hate and offensive abuse. It also broadly imputes serious criminality (“संतो को मारने वाले”) to the targeted group, supporting defamation. Advocate argues it’s political hyperbole aimed at clerics/Congress supporters and not an imminent call to violence, but the overall message clearly targets a protected religious group with slurs, exclusionary threats, and collective vilification. No specific verifiable falsehood central to the message is present, so ‘fake’ does not apply."
    }
}