{
    "comment_index": 32,
    "comment_text": "भारत सरकार खेतों में यूरिया के उपयोग पर प्रतिबंध लगाने जा रही है। खेती में अब यूरिया का उपयोग बंद करेगी सरकार",
    "verdict": {
        "result": "NOT_HATE",
        "hate_types": [],
        "reasoning": "The comment states a policy claim about banning urea in farming and does not target any group, use slurs/insults, or make verifiably false allegations about a person/entity. There’s no clear evidence to label it as misinformation. Hence, none of the categories (fake, hate, offensive, defamation) apply."
    }
}