{
    "comment_index": 20,
    "comment_text": "ग्राम गांजा की जांच सीबीआई कर रही है उसकी रिपोर्ट पूरी मीडिया कर रही है सो डेढ़ सौ ग्राम गांजा तो बिहार के मुख्यमंत्री नीतीश कुमार के बंगला के छापा मारने पर मिल जाएगी कहां ग्राम के पीछे पड़े",
    "verdict": {
        "result": "HATE_SPEECH",
        "hate_types": [
            "defamation",
            "offensive"
        ],
        "reasoning": "The comment names a specific individual (Bihar CM Nitish Kumar) and alleges illegal drug possession (“raid his bungalow and you will find 150 grams of ganja”) without evidence, which is a reputationally harmful criminal accusation—defamation. The mocking, derisive tone toward the individual also makes it offensive. It does not target a protected group, so it is not hate. While it may contain hyperbole, the core is an unsubstantiated criminal allegation rather than verifiable reporting, hence defamation applies."
    }
}