{
    "comment_index": 25,
    "comment_text": "ये साला टिकट ब्लैकिया इतनी हिम्मत लाता कहाँ से है",
    "verdict": {
        "result": "HATE_SPEECH",
        "hate_types": [
            "offensive"
        ],
        "reasoning": "The comment uses vulgar profanity (“साला”) and a demeaning label (“टिकट ब्लैकिया”), expressing hostility toward an individual, which is offensive. It does not target a protected class or incite harm (so not 'hate'), and it does not clearly identify a specific person or present a verifiable factual allegation sufficient for 'defamation'. 'fake' is not applicable."
    }
}