{
    "comment_index": 79,
    "comment_text": "हिंदुस्तान के अंदर हिंदुओं का ही धर्मपरिवर्तन हिंदू बेटियों के साथ लवजिहाद हिंदू परिवारों का पलायन हिंदू देवी देवताओं को गालियां हिंदुओं की संस्कृति के साथ खिलवाड़ आखिर ऐसा कब तक चलेगा",
    "verdict": {
        "result": "HATE_SPEECH",
        "hate_types": [
            "fake",
            "hate"
        ],
        "reasoning": "The comment alleges organized targeting of Hindus and invokes 'लव जिहाद'—a communal dogwhistle commonly used to vilify Muslims as predatory—implying collective wrongdoing by a protected religious group. This fosters hostility and stigmatizes an implied out-group, meeting the 'hate' criterion. It also advances a debunked conspiracy narrative ('लव जिहाद') and broad, unverified claims (forced conversions, exodus), making it misleading/'fake'. It does not use direct slurs nor target a specific person or small entity, so 'offensive' and 'defamation' are not applied."
    }
}