{
    "comment_index": 140,
    "comment_text": "खादी के मास्क की लोकप्रियता बढ़ी केवीआईसी को रेड क्रॉस सोसाइटी से लाख फेस मास्क के लिए अब तक का सबसे बड़ा ऑर्डर मिला विवरण",
    "verdict": {
        "result": "NOT_HATE",
        "hate_types": [],
        "reasoning": "The comment reports a factual announcement about the popularity of Khadi masks and an order from the Red Cross Society. There is no evidence of hate speech, incitement to violence, or defamation. The comment is neutral in tone and does not target any group or individual with negativity."
    }
}