{
    "comment_index": 147,
    "comment_text": "देश में इस साल अगस्त में सामान्य से प्रतिशत अधिक बारिश हुई है।",
    "verdict": {
        "result": "NOT_HATE",
        "hate_types": [],
        "reasoning": "The statement reports rainfall data and is neutral on its face. It does not contain any elements of hate speech, offensiveness, defamation, or falsehood. While it *could* be used maliciously, the statement itself does not incite hatred or promote discrimination. The potential for misuse does not change the nature of the statement. Therefore, it is classified as NOT_HATE."
    }
}