{
    "comment_index": 103,
    "comment_text": "उद्दव ने राहुल को दिया चेलेन्ज। में अपनी पार्टी को तेरी पार्टी से भी आगे लेके जाऊंगा।",
    "verdict": {
        "result": "NOT_HATE",
        "hate_types": [],
        "reasoning": "Targets individual politicians/parties, not a protected group; no slurs, threats, or incitement. No defamation or verifiably false claims. Mildly disrespectful phrasing does not rise to offensive abuse. Therefore, no harmful category applies."
    }
}