{
    "comment_index": 164,
    "comment_text": "के नए प्रोमो पर मीम्स बन रहे हैं। देखिए",
    "verdict": {
        "result": "NOT_HATE",
        "hate_types": [],
        "reasoning": "The comment simply states that memes are being made about a new promo and invites the viewer to see them. While the content of the memes could potentially be hateful, the comment itself does not contain any hate speech. It does not attack, demean, or incite violence against any individual or group. The arguments made by the critic rely on speculation about the content of external memes and therefore fail to establish the comment's harmful nature."
    }
}