{
    "comment_index": 22,
    "comment_text": "हाल ही में एक हिन्दू महिला को एक कश्मीरी मुस्लिम लड़की को सहरी खिलाने पर आरएसएस के गुंडों ने पीटा भारत आरएसएस के कब्जे में है उनका मीडिया लॉ एनफोर्समेंट जुडिशरी और राष्ट्रिय सुरक्षा पर पूरा नियंत्रण है क्या यह देश स्थिर रहेगा यदि ऐसा ही चलता रहा तो",
    "verdict": {
        "result": "HATE_SPEECH",
        "hate_types": [
            "offensive",
            "defamation"
        ],
        "reasoning": "The comment insults a political/ideological group (RSS) by calling its members 'गुंडों' (goons), which is offensive. It also asserts as fact that RSS-linked people beat a woman and that RSS has complete control over media, law enforcement, judiciary, and national security—serious, unverified claims that can harm the reputation of an identifiable organization, fitting defamation. It does not advocate harm against a protected class, so 'hate' is not applied. The truthfulness of claims cannot be verified here, so 'fake' is not assigned."
    }
}