{
    "comment_index": 41,
    "comment_text": "दिल्ली के मुख्यमंत्री जी के प्रति दीवानगी ऐसी की आज भारत और पाकिस्तान के विश्व कप मैच में लगे नारे जीतेगा भाई जीतेगा केजरीवाल जीतेगा",
    "verdict": {
        "result": "NOT_HATE",
        "hate_types": [],
        "reasoning": "This is an enthusiastic political slogan supporting Delhi’s Chief Minister (Kejriwal) and referencing chants at an India–Pakistan World Cup match. It contains no insults, slurs, threats, or demeaning language toward any individual or protected group, and makes no defamatory or verifiably false claims. Therefore, none of the categories—fake, hate, offensive, defamation—apply."
    }
}