{
    "comment_index": 183,
    "comment_text": "स्वस्थ बचपन आजीवन स्वास्थ्य का आधार है। अच्छा स्वास्थ्य समाज और व्यक्ति के जीवन को सुखी व समर्थ बनाते हुए राष्ट्र को विकसित व समृद्ध बनाता है। शिशु बाल एवं किशोर स्वास्थ्य अभियानों में सभी अपनीअपनी भागीदारी निभाएं। यह पावन कार्य राष्ट्र व्यक्ति और समाज के हित का कार्य है।",
    "verdict": {
        "result": "NOT_HATE",
        "hate_types": [],
        "reasoning": "The comment promotes child health, societal well-being, and participation in health campaigns using positive and inclusive language. It does not incite violence, target any protected groups, promote discrimination, or contain defamatory statements. Therefore, it does not meet the criteria for hate speech."
    }
}