{
    "comment_index": 160,
    "comment_text": "दिनों से घर से लापता युवक का कुएं में मिला शव परिजनों ने जताई हत्या की आशंका परिजनों ने कोतवाली में की थी शिकायत कुलपहाड़ क्षेत्र के भटेवरा गांव का मामला",
    "verdict": {
        "result": "NOT_HATE",
        "hate_types": [],
        "reasoning": "The comment is a factual report of an event and does not contain hate speech, offensive language, or defamatory statements. While the subject matter is sensitive, the comment itself does not meet the criteria for any of the hate categories."
    }
}