{
    "comment_index": 47,
    "comment_text": "उन्नाव रेप कांड के दोषी भाजपा विधायक कुलदीप सिंह सेंगर को हाई कोर्ट से मिली जमानत। अब सवाल यह उठता है कि जिस जज ने जमानत दिया है अगर पीड़िता उसी जज की बेटी होती तो भी वह जज जमानत दे देता क्या लानत है ऐसे जजों पर। वह जज नहीं बल्कि जज के भेष में छुपा हुआ भेड़िया है।",
    "verdict": {
        "result": "HATE_SPEECH",
        "hate_types": [
            "hate",
            "offensive"
        ],
        "reasoning": "The comment dehumanizes the judge by calling him a 'wolf in a judge’s disguise' and broadly condemns 'such judges' ('shame on such judges'), expressing hostility toward a professional group and an individual. The language is abusive and insulting, so 'offensive' also applies. There is no verifiable false factual allegation—only hyperbole and a hypothetical—so 'defamation' does not apply, and nothing indicates 'fake' information."
    }
}