{
    "comment_index": 212,
    "comment_text": "इस शिक्षा नीति में भारतीय भाषाओं कला और संस्कृति को प्राथमिकता दी गई है। इससे विद्यार्थियों में सृजनात्मक क्षमता विकसित होगी और भारतीय भाषाओं की ताकत और बढ़ेगी। विविध भाषाओं वाले हमारे देश की एकता को अक्षुण्ण बनाए रखने में इससे मदद मिलेगी।",
    "verdict": {
        "result": "NOT_HATE",
        "hate_types": [],
        "reasoning": "The comment promotes an education policy focusing on Indian languages, arts, and culture, expressing positive sentiments. It does not incite hatred, violence, or discrimination against any group. It's not fake, offensive, or defamatory. The language is descriptive and promotional, focusing on the benefits of the policy. Therefore, it does not meet the criteria for hate speech."
    }
}