{
    "comment_index": 58,
    "comment_text": "बांद्रा में जामा मस्जिद के बाहर इतनी बड़ी संख्या में लोगों का इकट्ठा चिंता की बात है इन्हें किसने बुलाया अगर ये लोग घर वापस जाने के लिए ट्रेन पकड़ने के लिए आए थे तो उनके हाथों में सामान क्यों नहीं था",
    "verdict": {
        "result": "NOT_HATE",
        "hate_types": [],
        "reasoning": "The comment references a mosque and questions a specific gathering without insulting or advocating harm toward a protected group, using slurs, or making dehumanizing or defamatory claims. It targets an event rather than a community and presents no verifiable falsehoods. Therefore, none of fake, hate, offensive, or defamation apply."
    }
}