{
    "comment_index": 18,
    "comment_text": "जब दुनिया भर के विकसित देश बेहाल हो गए। इस दौरान प्रदेश ने जिस तरह डटकर इस मुश्किल वक्त का सामना किया वह सराहनीय है। योगी जी के पिता का स्वर्गवास भी हो गया लेकिन वह प्रदेश की जनता के प्रति अपनी प्रतिबद्घता दिखाते हुए लगातार जनता की सेवा में लगे रहे",
    "verdict": {
        "result": "NOT_HATE",
        "hate_types": [],
        "reasoning": "The comment praises a state’s handling of a crisis and a leader’s dedication despite personal loss. It does not target any protected group or individual with insults or demeaning language, makes no harmful or reputation-damaging allegations, and contains no clear deceptive factual claims. Therefore, no harmful category applies."
    }
}