{
    "comment_index": 143,
    "comment_text": "पहले बढ़ी फिर तेजी से गिरने लगी चांदी की कीमत पहुंची लाल निशान के नीचे",
    "verdict": {
        "result": "NOT_HATE",
        "hate_types": [],
        "reasoning": "The comment reports the price fluctuations of silver. It does not contain any hate speech, offensive language, defamation, or fake information. It is a neutral statement."
    }
}