{
    "comment_index": 179,
    "comment_text": "जिला कृषि विभाग द्वारा महेन्द्रगढ़ जिले के गांव निवाजनगर में किसानवैज्ञानिक संवाद कार्यक्रम का हुआ आयोजन। डाॅ राजपाल यादव ने किसानों को मिट्टी के नमूने लेेने का सही तरीका बताया और किसानों को खेत में खाद का प्रयोग मृदा स्वास्थ्य कार्ड के अनुसार करने के लिए जागरूक किया।",
    "verdict": {
        "result": "NOT_HATE",
        "hate_types": [],
        "reasoning": "The comment reports on an agricultural event and does not contain any hateful, offensive, or defamatory content. It is a straightforward report of an event."
    }
}