{
    "comment_index": 40,
    "comment_text": "कश्मीर में तो नहीं है अभी वीडियो की तस्वीर से तो ऐसे ही लग रही है थोड़ा कष्ट करके लदाख पहुंच जाइए जानकारी पूरी मिल जाएगी आंखों देखी हाल पता चल जाएगी गद्दारों की असली तस्वीर देखने को मिल जाएगी",
    "verdict": {
        "result": "HATE_SPEECH",
        "hate_types": [
            "offensive"
        ],
        "reasoning": "The comment disputes a video's location but then labels an unspecified group as 'गद्दारों' (traitors), which is disparaging and inflammatory. This makes it offensive/abusive in tone. It does not present a verifiable false claim (not fake), does not target a protected class or call for harm (so not hate), and does not accuse a specific identifiable person/entity (not defamation)."
    }
}