{
    "comment_index": 222,
    "comment_text": "पितरों के प्रति श्रद्धा व्यक्त करने का अवसर है पितृपक्ष जानें क्या है महत्व",
    "verdict": {
        "result": "NOT_HATE",
        "hate_types": [],
        "reasoning": "The comment is a factual statement about Pitru Paksha. It does not contain any hate speech. The potential for misuse is not enough to classify the comment as hate speech. The comment itself is neutral and inoffensive."
    }
}