{
    "comment_index": 217,
    "comment_text": "स्कूल जाने वाले छात्र किस तरह की सावधानी रखें",
    "verdict": {
        "result": "NOT_HATE",
        "hate_types": [],
        "reasoning": "The comment is a neutral question asking about safety precautions for schoolchildren. It does not contain any hate speech, offensive language, defamation, or false information. It does not target any group or individual with negativity."
    }
}