{
    "comment_index": 33,
    "comment_text": "कितना भी चीख ले महेश भट्ट तेरे कुकर्मो की सज़ा तेरी बेटी को मिलनी ही है तू जितना चीखेगा सुशांत के चाहने वालों को उतना सुकून मिलेगा अभी ट्रेलर पे ये हाल है तो सोच फ़िल्म के रिलीज पर क्या होगा वालों",
    "verdict": {
        "result": "HATE_SPEECH",
        "hate_types": [
            "hate",
            "offensive"
        ],
        "reasoning": "The comment targets Mahesh Bhatt and explicitly extends harm/punishment to his daughter, celebrates his distress, and implies escalating intimidation around the film release. This is hostile, threatening, and abusive toward specific individuals, fitting 'hate' and 'offensive'. It does not present a concrete, verifiable false claim (only vague 'कुकर्म'), so 'defamation' does not apply, and there is no misinformation to justify 'fake'."
    }
}