{
    "comment_index": 6,
    "comment_text": "कांग्रेस मूल की कंगना रनौत बिहार चुनाव में भाजपा का प्रचार करेंगी",
    "verdict": {
        "result": "NOT_HATE",
        "hate_types": [],
        "reasoning": "The comment is a neutral, informational statement about a public figure and contains no slurs, insults, incitement, or demeaning language toward a protected group. It also does not assert criminal or immoral conduct and presents no clear false claim. Therefore, none of the categories (fake, hate, offensive, defamation) apply."
    }
}