{
    "comment_index": 224,
    "comment_text": "उपराष्ट्रपति ने महामारी के दौरान बुजुर्गों का विशेष ध्यान रखने और देखभाल करने को कहा है बुजुर्ग जनसंख्या की विशिष्ट आवश्यकताओं का ध्यान रखने के लिए स्वास्थ्य प्रणाली को पुनर्जीवित करने की आवश्यकता है विवरण",
    "verdict": {
        "result": "NOT_HATE",
        "hate_types": [],
        "reasoning": "The comment promotes care for the elderly and does not contain any direct hateful language, incitement, or targeting. While its context could potentially be manipulated, the comment itself should not be classified as hate speech."
    }
}