{
    "comment_index": 15,
    "comment_text": "योगी आदित्यनाथ जी के अथक परिश्रम का ही प्रतिफल है कि उत्तर प्रदेश सभी विडम्बनाएं पीछे छोड़ सर्वांगीण विकास के रास्ते चल पड़ा है। जय हो जी।",
    "verdict": {
        "result": "NOT_HATE",
        "hate_types": [],
        "reasoning": "This is a laudatory political opinion praising Yogi Adityanath and Uttar Pradesh’s development. It contains no derogatory language toward any protected group or individual, no slurs or incitement, and makes no specific verifiably false claims, insults, or harmful allegations. Therefore, none of the categories (fake/hate/offensive/defamation) apply."
    }
}