{
    "comment_index": 109,
    "comment_text": "कोरोनावायरस की अपार सफलता के बाद देश में कंगनावायरस ने दस्तक दे दी है कितने लोग मानते हैं",
    "verdict": {
        "result": "HATE_SPEECH",
        "hate_types": [
            "hate",
            "offensive"
        ],
        "reasoning": "The comment derides a named individual (likely Kangana Ranaut) by calling her 'कंगनावायरस,' comparing her to a virus entering the country. This dehumanizing disease metaphor and rallying others for agreement are abusive and intended to demean, fitting 'hate' and 'offensive.' It does not assert a verifiable false fact (so not defamation) and contains no misinformation (so not fake). While it targets an individual rather than a protected class, the dehumanizing insult still qualifies under the 'hate' category in this taxonomy."
    }
}