{
    "comment_index": 34,
    "comment_text": "उद्धव ठाकरे की सेना का में घुसकर धमाका आतँकवादी संगठनों के कई बंकर तबाह किए संघी आतंकवादियों समेत पूरे लश्करएनोए",
    "verdict": {
        "result": "HATE_SPEECH",
        "hate_types": [
            "hate",
            "offensive",
            "defamation"
        ],
        "reasoning": "The comment glorifies violence (“घुसकर धमाका”, “बंकर तबाह”) and labels a political/ideological group (“संघी”) as “आतंकवादी,” even likening them to “लश्कर,” which is group-based vilification. This is hateful and offensive language and makes broad, unverified criminal allegations against a group, fitting defamation."
    }
}