{
    "comment_index": 4,
    "comment_text": "घरों को तोड़ने का आदेश आया है किसी को कोई फर्क़ नहीं पड़ता अमीरों के में से मकान के किसी अवैध हिस्से भी एक",
    "verdict": {
        "result": "NOT_HATE",
        "hate_types": [],
        "reasoning": "The comment critiques demolition orders and suggests rich people may have illegal constructions. It targets a socioeconomic class without slurs, dehumanization, threats, or calls for harm. It does not identify a specific person for defamation, does not present verifiably false information, and uses no offensive language. Therefore, none of ['fake','hate','offensive','defamation'] apply."
    }
}