{
    "comment_index": 67,
    "comment_text": "इस तस्वीर में जो आलीशान सोहफे और विश्वस्तरीय इंटीरियर डिजाइन हैं यह किसी का ड्राइंग रूम नहीं है यह देश के प्रधानमंत्री के लिए खरीदा गया बोइंग वीवीआइपी एयरक्राफ्ट है ।अपने आप को जनता का सेवक और चौकीदार कहने वाला कितना विलासिता पूर्ण जीवन जीने का आदी हो चुका है ।",
    "verdict": {
        "result": "NOT_HATE",
        "hate_types": [],
        "reasoning": "The content is sarcastic political criticism of a public official’s actions, does not reference a protected class, contains no slurs or incitement, and does not assert a specific provably false factual claim. Therefore it does not fit hate, offensive, fake, or defamation categories."
    }
}