{
    "comment_index": 98,
    "comment_text": "स्कूल की किताबों पर टैक्स लगाने वाला पहला देश बना भारत अनपढ़ रहेगा इंडिया तभी तो अंध भक्त बनेगा इंडिया",
    "verdict": {
        "result": "HATE_SPEECH",
        "hate_types": [
            "hate",
            "offensive",
            "fake"
        ],
        "reasoning": "The comment states “इंडिया अनपढ़ रहेगा” and “अंध भक्त बनेगा इंडिया,” which disparage Indians collectively based on nationality, a protected characteristic—this is group-directed denigration (hate). The phrasing is also clearly insulting (“अनपढ़,” “अंध भक्त”), making it offensive. Additionally, the superlative claim “स्कूल की किताबों पर टैक्स लगाने वाला पहला देश” is highly likely false/misleading, supporting a fake label. While it criticizes policy, it crosses into nationality-based derogation; it does not target a specific individual, so defamation does not apply."
    }
}