{
    "comment_index": 219,
    "comment_text": "कैटेगरी की सिक्योरिटी के साथ मुंबई जाएंगी कंगना रनौत संजय राउत से विवाद के बीच मोदी सरकार ने दी सुरक्षा",
    "verdict": {
        "result": "NOT_HATE",
        "hate_types": [],
        "reasoning": "The comment reports a factual event: Kangana Ranaut receiving security and traveling to Mumbai amid a dispute. It does not contain any hate speech, defamation, or offensive language. It's a neutral statement of fact, lacking elements that would incite violence or spread false information."
    }
}