{
    "comment_index": 126,
    "comment_text": "उस जिहादन हीर खान के हिन्दू देवताओं को गाली देने से अभी तक कुछ खतरे में नही आया है लेकिन अगर किसी ने मोहम्मद आयशा फ़ातिमा मरियम इनका नाम भी ले लिया तो संविधान से लेकर मुसलमान धर्मनिपेक्षता सब खतरे में आ जायेगा",
    "verdict": {
        "result": "HATE_SPEECH",
        "hate_types": [
            "hate",
            "offensive",
            "defamation"
        ],
        "reasoning": "The comment uses the derogatory slur “जिहादन” for a Muslim woman and makes a hostile generalization that Muslims pose a threat to the Constitution/secularism if Islamic figures are merely named, which targets a protected religious group (hate). The language is insulting and demeaning (offensive). It also names a specific person (हीर खान), labels her as an extremist and alleges she abused Hindu deities—claims that are reputationally damaging and presented without verification (defamation). No clear misinformation is established (not fake)."
    }
}