{
    "comment_index": 122,
    "comment_text": "सुरत से आ रहें थे पैदल भुख बरदाश्त नहीं हुई तो सुसाइड कर ली कोरोना मिडिया अगर मरकज़ निजामुद्दीन से फुरसत मिल गई हो तो जरा अपनी न्युज में उसको जगह दे",
    "verdict": {
        "result": "NOT_HATE",
        "hate_types": [],
        "reasoning": "The comment is a sarcastic critique of media priorities, referencing ‘मरकज़ निजामुद्दीन’ to allege biased coverage. It does not target a protected group with hatred, use abusive slurs, or incite harm. There is no specific, verifiable defamatory claim against an identifiable person or outlet, and no clear evidence that the stated incident is fabricated. Hence, none of ['fake','hate','offensive','defamation'] apply."
    }
}