{
    "comment_index": 211,
    "comment_text": "मॉब लिंचिंग मामले में आरोपि़ों को पुलिस ने किया गिरफ्तार आरोपियों के खिलाफ पुलिस मे दर्ज किया मुकदमा आंवला क्षेत्र में हुई थी मॉब लिंचिंग।",
    "verdict": {
        "result": "NOT_HATE",
        "hate_types": [],
        "reasoning": "The comment reports on a mob lynching case. While the subject matter is inherently sensitive and the act described is abhorrent, the comment does not directly incite violence, target any group, or endorse the act of mob lynching. The comment's neutrality and factual reporting nature, while potentially offensive, do not constitute hate speech."
    }
}