{
    "comment_index": 161,
    "comment_text": "गिन्नी वेड्स सनी में यामी गौतम के साथ नज़र आएंगे विक्रांत मेस्सी",
    "verdict": {
        "result": "NOT_HATE",
        "hate_types": [],
        "reasoning": "The comment is a factual statement about the cast of a movie. While the information's veracity may be unverified, it does not constitute hate speech, offensive content, or defamation. The statement lacks any element of incitement, discrimination, or promotion of violence. The potential for the information to be 'fake' does not automatically qualify it as hate speech."
    }
}