{
    "comment_index": 214,
    "comment_text": "का विरोध करने वालों को दंगाईयों से क्यों जोड़ रही है साहब जवाब दें। दंगों से जुड़ीं कॉपियाँ आख़िर क्यों देना नहीं चाहती साहब जवाब दें।",
    "verdict": {
        "result": "NOT_HATE",
        "hate_types": [],
        "reasoning": "The comment expresses concern and asks for clarification regarding an association but does not directly incite violence or hatred. While potentially offensive, and potentially defamatory depending on context, it does not meet the criteria for hate speech because it doesn't directly incite violence or discrimination."
    }
}