{
    "comment_index": 70,
    "comment_text": "साले ज्ञानी बाबा को जेल जाना चाहिए और इसके सपोर्ट को भी साला गंजे बज ड्रग लेने बल कमीना",
    "verdict": {
        "result": "HATE_SPEECH",
        "hate_types": [
            "offensive",
            "defamation"
        ],
        "reasoning": "The comment uses explicit insults and abusive language toward an individual and their supporters (e.g., 'साले', 'कमीना', 'गंजे'), which is clearly offensive. It also imputes criminal/immoral conduct ('ड्रग लेने वाला') and demands jail without evidence, which is defamatory. It does not target a protected class; 'supporters' and 'bald' are not protected characteristics, so 'hate' does not apply. There is no clear misinformation pattern to label it as 'fake'."
    }
}