{
    "comment_index": 208,
    "comment_text": "जब आप सार्वजनिक स्थानों पर थूकते हैं तो आप दूसरों के स्वास्थ्य को भी खतरे में डालते हैं। थूकना वर्जित स्वास्थ्य अर्जित। बदलकर अपना व्यवहार करें कोरोना पर वार।",
    "verdict": {
        "result": "NOT_HATE",
        "hate_types": [],
        "reasoning": "The comment advises against spitting in public places, linking it to health concerns (Corona). While the language might be perceived as admonishing, it does not directly target any group, use hateful language, or incite violence or discrimination. The potential for the comment to be misused doesn't make it hate speech on its face."
    }
}