{
    "comment_index": 16,
    "comment_text": "मोदी जी के मोर के साथ वाले फोटो पर राहुल गाँधी का करारा जवाब",
    "verdict": {
        "result": "NOT_HATE",
        "hate_types": [],
        "reasoning": "यह एक सामान्य राजनीतिक हेडलाइन-जैसा वाक्य है जो केवल बताता है कि राहुल गांधी ने मोदी जी के मोर वाले फोटो पर तीखा जवाब दिया। इसमें किसी संरक्षित समूह पर हमला, गाली-गलौज, अमानवीकरण नहीं है, न ही कोई झूठा/मानहानिकारक आरोप या भ्रामक दावा किया गया है।"
    }
}