{
    "comment_index": 144,
    "comment_text": "ने के निधन पर शोक व्यक्त किया विवरण",
    "verdict": {
        "result": "NOT_HATE",
        "hate_types": [],
        "reasoning": "The comment 'ने के निधन पर शोक व्यक्त किया विवरण' expresses grief. It is incomplete and the potential for harm depends on the missing 'details.' The initial comment does not, in itself, promote hate, offensiveness, defamation, or fake content. The possibility of such content arising later does not justify classifying the initial comment as hate speech. The principle of protecting free speech requires a narrow interpretation of harm and a high bar for censorship."
    }
}