{
    "comment_index": 101,
    "comment_text": "बहुत बड़ा कमीना है तु इतना गली कैसे हज़म कर लेता तु चमड़े कितना मोटा है तेरा कु दिन भर भौकते रहता हैहै तु राहुल गांडू के चमचे होने पर तुझे सरम नही अता कहाँ से मिला तुझे जाहिल वाला सर्टिफिकेट",
    "verdict": {
        "result": "HATE_SPEECH",
        "hate_types": [
            "hate",
            "offensive"
        ],
        "reasoning": "The comment is sustained, targeted abuse with dehumanizing language (comparing the target to a dog: “दिन भर भौकते रहता है”) and multiple insults (“कमीना”, “जाहिल”). It also uses a homophobic slur (“गांडू”) as an epithet, which constitutes hate speech even when used as a generalized insult. It disparages the person’s political alignment (“राहुल … के चमचे”) but makes no factual claims. Therefore: hate and offensive apply; defamation and fake do not."
    }
}