{
    "comment_index": 149,
    "comment_text": "अब आत्महत्या के लिए उकसाने को लेकर जांच करेगी",
    "verdict": {
        "result": "NOT_HATE",
        "hate_types": [],
        "reasoning": "The comment \"अब आत्महत्या के लिए उकसाने को लेकर जांच करेगी\" translates to \"Now they will investigate incitement to suicide.\" It does not contain any direct attacks or demeaning language against any group. While the comment implies an investigation, it does not explicitly accuse any individual or group of wrongdoing to meet the threshold for defamation. The comment is not inherently offensive, and it does not contain misinformation. Therefore, it does not fall under any of the defined hate categories."
    }
}