{
    "comment_index": 171,
    "comment_text": "लगभग सभी राज्यों के मुख्यमंत्रियों एवं प्रशासनिक स्तर के उच्चाधिकारियों से हुई बातचीत के आधार पर मैं सभी अभ्यर्थियों एवं उनके अभिभावकों को आश्वस्त करता हूं कि उन्हें यथासंभव प्रत्येक सहायता प्रदान की जाएगी। आप सभी के उज्ज्वल भविष्य के लिए मेरी अग्रिम शुभकामनाएं",
    "verdict": {
        "result": "NOT_HATE",
        "hate_types": [],
        "reasoning": "The comment is a statement of reassurance and goodwill. While there's a potential for misuse and context-dependent interpretations, the comment does not directly promote hate, incite violence, or contain defamatory statements."
    }
}