{
    "comment_index": 12,
    "comment_text": "ट्विटर पे बहुत से चूतिये मिलेंगे जो साले हिंदुओं का विरोध करते हुए मिल जाएंगे उनकी खुद की फेक होती है अब जैसे इसी चमन चूतिये को देखिए पिस्टल पांडेय नाम रखे हैं और हिंदुओं के विरोध में लगे हुए है। किसी का भाड़े का टट्टू होगा विरोध करने के पा जा रहा होगा बस तभी।",
    "verdict": {
        "result": "HATE_SPEECH",
        "hate_types": [
            "hate",
            "offensive",
            "defamation"
        ],
        "reasoning": "The comment uses explicit insults and vulgarity (“चूतिये”, “साले”, “चमन चूतिये”) and demeaning language (“भाड़े का टट्टू”)—clearly offensive. It targets and demeans a group framed as “हिंदुओं का विरोध करने वाले,” fostering hostility around a religious identity context and employing dehumanizing phrasing—thus hate. It also names an individual (“पिस्टल पांडेय”) and, without evidence, alleges being “फेक” and a “भाड़े का टट्टू,” which is reputationally harmful—defamation. There is no clear misinformation claim, so ‘fake’ does not apply."
    }
}