{
    "comment_index": 84,
    "comment_text": "हुक्का पीने की जांच अस्थाना कर रही है जिस पर भ्रष्टाचार के आरोप लगी थी सीबीआई ऑफिस में ताला जरी गई थी रात में ड्रामा हुई थी मोदी के मित्र होने के कारण बच गई",
    "verdict": {
        "result": "HATE_SPEECH",
        "hate_types": [
            "defamation"
        ],
        "reasoning": "The comment names a specific individual (Asthana) and alleges corruption and being protected due to friendship with the Prime Minister, presenting reputationally damaging claims without evidence. This fits defamation. It does not target a protected group (no hate), uses no profanity (not offensive), and while speculative, it is not clearly verifiable as false to label as fake."
    }
}