{
    "comment_index": 142,
    "comment_text": "प्रदेश में सर्विलांस टीमों के द्वारा क्षेत्रों में टीम दिवस के माध्यम से घरों के लोगों का सर्वेक्षण किया गया है चिकित्सा एवं स्वास्थ्य श्री अमित मोहन प्रसाद जी",
    "verdict": {
        "result": "NOT_HATE",
        "hate_types": [],
        "reasoning": "The comment is a factual description of a survey conducted by surveillance teams, and mentions a medical official. There is no hateful, offensive, defamatory, or false content present. The language is neutral and descriptive. Therefore, it does not meet the criteria for hate speech."
    }
}