{
    "comment_index": 7,
    "comment_text": "जापान के नोबल पुरस्कार जीतने वाले ओर साल तक चीन में काम करने वाले प्रोफेसर टासुकूहोंजो का दावा कोरोना प्राकृतिक नही कृत्रिम वायरस है जो चीन ने बनाया है।",
    "verdict": {
        "result": "HATE_SPEECH",
        "hate_types": [
            "fake"
        ],
        "reasoning": "टिप्पणी तासुकु होंजो के नाम से गलत एट्रिब्यूशन करते हुए दावा करती है कि “कोरोना चीन ने बनाया,” जो तथ्य-जांच में खंडित साजिश-थ्योरी है; इसलिए fake लागू। भाषा में गाली/हिंसा-उकसाहट या किसी संरक्षित समुदाय के प्रति सीधा अपमान नहीं है और आरोप 'चीन' (राज्य) पर है, अतः hate/offensive नहीं। मानहानि भी यहाँ उपयुक्त नहीं क्योंकि यह किसी पहचाने जा सकने वाले व्यक्ति/छोटे समूह पर नहीं है।"
    }
}