{
    "comment_index": 78,
    "comment_text": "क्या इसलिए किसी को लगता है कि दिल्ली पुलिस अपना काम कर रही है तो वो अपनी गलतफहमी इस वीडियो को देख कर दूर कर ले ।",
    "verdict": {
        "result": "NOT_HATE",
        "hate_types": [],
        "reasoning": "The comment critiques Delhi Police as an institution and contains no slurs, attacks on protected classes, threats, or defamatory claims about an identifiable individual."
    }
}