{
    "comment_index": 21,
    "comment_text": "तस्वीर बाबरी हॉस्पिटल का ब्लू प्रिंट दिखाती है",
    "verdict": {
        "result": "NOT_HATE",
        "hate_types": [],
        "reasoning": "The comment is a neutral, descriptive statement about an image of a hospital blueprint. It contains no slurs or insults, does not target any individual or protected group, makes no defamatory assertions, and there is no evidence to label it as fake."
    }
}