{
    "comment_index": 107,
    "comment_text": "ब्रेकिंग न्यूज़ रूस की सड़कों पर से अधिक शेर छोड़े गए ताकि यह सुनिश्चित किया जा सके कि लोग इस महामारी के प्रकोप के दौरान घर के अंदर रह रहे हैं। व्लादिमीर पुतिन ने लोगों को घर के अंदर रहने के लिए लगभग शेरों को छोड़ा।",
    "verdict": {
        "result": "HATE_SPEECH",
        "hate_types": [
            "fake",
            "defamation"
        ],
        "reasoning": "The comment repeats a debunked COVID-era hoax as ‘breaking news,’ falsely claiming lions were released in Russia and attributing this action to Vladimir Putin. This is misinformation (fake) and assigns a harmful, sensational act to a named individual, which can damage reputation (defamation). It does not target any protected group or use abusive language, so ‘hate’ and ‘offensive’ do not apply."
    }
}