{
    "comment_index": 167,
    "comment_text": "यूपी बलरामपुर में खाना बनाते समय सिलेंडर में धमाका बच्चे की मौत दो घायल",
    "verdict": {
        "result": "NOT_HATE",
        "hate_types": [],
        "reasoning": "The comment reports a factual event. While it could be misused or associated with a hate campaign, the comment itself does not contain any hateful, offensive, or defamatory content. The potential for harm lies in the context and potential misuse of the information, not the information itself."
    }
}