{
    "comment_index": 203,
    "comment_text": "महाराष्ट्र के बाद अब मध्य प्रदेश में फ्लैट हुआ सस्ता शिवराज सरकार ने घटाई स्टाम्प ड्यूटी की दरें",
    "verdict": {
        "result": "NOT_HATE",
        "hate_types": [],
        "reasoning": "The comment is a factual statement reporting on a news item. There is no indication of hate speech, offensiveness, defamation, or the spread of fake information within the comment."
    }
}