{
    "comment_index": 141,
    "comment_text": "जम्मू कश्मीर के रियासी जिले में बैक टू विलेज प्रोग्राम के तहत अब सरकार की मदद से वहां के किसान लेमन ग्रास की खेती कर हर साल लाखों का मुनाफा कमा रहे हैं आखिर कैसे देखिये रियासी से हमारे संवादाता अभिषेक सिंह की ये खास रिपोर्ट",
    "verdict": {
        "result": "NOT_HATE",
        "hate_types": [],
        "reasoning": "The comment describes a government program and its positive impact. It doesn't contain any hateful, offensive, or defamatory language. It is not fake. Therefore, it's categorized as NOT_HATE."
    }
}