{
    "comment_index": 89,
    "comment_text": "मुंबई में लगे पाकिस्तान जिंदाबाद के नारे वह भी मंत्री जी के सामने",
    "verdict": {
        "result": "NOT_HATE",
        "hate_types": [],
        "reasoning": "The content appears to be political commentary/criticism about an event or slogan and does not target a protected group, use slurs, or call for harm. No identifiable individual is defamed, and truth/falsity cannot be determined from the text. Therefore, none of ['fake','hate','offensive','defamation'] apply."
    }
}