{
    "comment_index": 2,
    "comment_text": "चीन ने में तर्क दिया की भारत का विपक्ष ही अजर मसुद को आतंकी नहीं मानता तो हम कैसे माने। चुल्लू भर मूत्र में डूब मरो गद्दारों। अब यह भारत के लोगों को सोचना है कि वो विपक्ष को वोट क्यों करेंविक्रम शर्मा",
    "verdict": {
        "result": "HATE_SPEECH",
        "hate_types": [
            "hate",
            "offensive"
        ],
        "reasoning": "The comment targets a political group (the opposition and its supporters) with hostile, demeaning language—calling them 'गद्दार' (traitors) and telling them to 'चुल्लू भर मूत्र में डूब मरो' (go die in a handful of urine). This constitutes a hateful attack on a group and includes highly vulgar abuse. The claims about China/opposition are unverified but not clearly, provably false about a specific individual, so 'fake' and 'defamation' are not applied."
    }
}