{
    "comment_index": 8,
    "comment_text": "दिल्ली में हिंदुओं और सिक्खों की सामूहिक हत्याएं करने के लिए आतंकवादी जेहादी घी के डिब्बे में अवैध हथियार सप्लाई करते हुए धर दबोचे गए।",
    "verdict": {
        "result": "HATE_SPEECH",
        "hate_types": [
            "hate",
            "offensive"
        ],
        "reasoning": "The comment uses the religiously coded term 'जेहादी' to frame a group as terrorists planning mass killings of Hindus and Sikhs, attributing extreme criminality to a religiously associated out-group. This stigmatizes a protected, religion-linked group (hate) and employs sensational, violent language that is inflammatory (offensive). It does not clearly meet 'fake' without verification and does not target identifiable individuals for 'defamation'."
    }
}