{
    "comment_index": 216,
    "comment_text": "लोकायुक्त की कार्रवाई भोपाल में छापेमारी के दौरान लोकायुक्त पुलिस को चायसमोसे खिलाते नजर आए खनिज अधिकारी प्रदीप खन्ना बोले असेसमेंट कर रहे हैं",
    "verdict": {
        "result": "NOT_HATE",
        "hate_types": [],
        "reasoning": "The comment reports an observed event that implies a potential breach of ethics. However, the comment does not contain any direct hateful language, target any protected group, or incite violence. Whether it constitutes defamation depends on the truthfulness of the statement, but the comment itself is not hate speech. The comment itself, does not explicitly target any individual or group with hateful language based on protected characteristics. The offensiveness stems from the action itself, not from any form of targeted hatred. Therefore, the comment does not meet the criteria for hate speech."
    }
}