{
    "comment_index": 119,
    "comment_text": "भारत के इतिहास में पहली बार कर्नाटक में शिवकाशी नदी में पानी कम होने पर दिखे लाखों शिवलिंग ।हर हर महादेव जयजयजयश्रीराम",
    "verdict": {
        "result": "HATE_SPEECH",
        "hate_types": [
            "fake"
        ],
        "reasoning": "The comment makes factually dubious claims (e.g., calling out a non-existent 'Shivkashi' river in Karnataka, asserting it’s the 'first time in India’s history,' and citing 'lakhs' of shivalings) that are misleading/exaggerated. However, it contains no insults, targeting, or incitement against any group, and no accusations against an identifiable individual or entity. Thus: fake applies; hate, offensive, and defamation do not."
    }
}