{
    "comment_index": 53,
    "comment_text": "मैं निजीकरण के साथ हूं क्योंकि भारत में कर्मचारी काम न करने की सैलरी लेते हैं और काम करने की रिश्वत लेते हैं",
    "verdict": {
        "result": "HATE_SPEECH",
        "hate_types": [
            "hate",
            "offensive"
        ],
        "reasoning": "The comment broadly vilifies an identifiable group—‘employees in India’—by asserting they draw salaries for not working and take bribes to work. This sweeping accusation attributes uniformly negative and criminal traits to a large group, expressing contempt and using demeaning stereotypes. That makes it hateful toward a group and offensive. It is not tagged as defamation because the group is too broad and unspecific for conventional defamation standards, and not ‘fake’ since it is an overbroad opinion/generalization rather than a specific verifiable claim."
    }
}