{
    "comment_index": 121,
    "comment_text": "तेरी मां का भोसड़ा मादरचोद तुम जैसे कुत्तों की मां जरूर चोदेगा मोदी मादरचोद रंडी के तेरी मां बहन चोद दी क्या मादरचोद अगली बार सोच समझ कर लिखना कमीनी साले",
    "verdict": {
        "result": "HATE_SPEECH",
        "hate_types": [
            "hate",
            "offensive"
        ],
        "reasoning": "After weighing both sides, the comment is an extreme, targeted tirade containing sexually violent threats, dehumanization (“tum jaise kuttoN”), and misogynistic/gendered slurs aimed at the target’s mother/sister. This goes beyond mere personal insult: it celebrates sexual violence and degrades women, meeting the hate category, and it is plainly abusive/obscene harassment, meeting the offensive category. It does not assert factual claims (not fake) and does not make specific false allegations to damage reputation (not defamation)."
    }
}