{
    "comment_index": 181,
    "comment_text": "आरोप है कि एक फ्रॉड ने व्यक्ति से तीन बार वन टाइम पासवर्ड ओटीपी लिया और अकाउंट से लाख गायब हो गए",
    "verdict": {
        "result": "NOT_HATE",
        "hate_types": [],
        "reasoning": "The comment describes an alleged fraud. Without knowing the truth of the situation, and with no specific individual named, the comment does not constitute hate speech, defamation, or offensiveness. While the comment could be considered 'fake' if the information is untrue, this requires verification and is not a characteristic of the speech itself."
    }
}