{
    "comment_index": 117,
    "comment_text": "पुलिस द्वारा चालान काटने पर मुसलमानो ने उनकी पिटाई की । जो कानून को चुनौती है । यह विडियो बताता है कि आगे हिन्दुस्तान मे क्या क्या होगा। कौन देश चलायेगा । और सबका भविष्य क्या होगा कडवा सच यह है कि देश को बाहर से ज्यादा अन्दर से बहुत ज्यादा खतरा है",
    "verdict": {
        "result": "HATE_SPEECH",
        "hate_types": [
            "hate",
            "offensive"
        ],
        "reasoning": "The comment explicitly targets a protected religious group (Muslims), attributes violent, lawless behavior to them, and extrapolates from an alleged incident to depict the community as an internal threat to the nation ('अन्दर से बहुत ज्यादा खतरा', 'कौन देश चलायेगा'). This collective blame and fearmongering vilify the group and are inflammatory. There is insufficient basis to label it 'fake', and 'defamation' generally applies to identifiable individuals or small groups, so those are not applied."
    }
}