{
    "comment_index": 1,
    "comment_text": "साले जेएनयू छाप कमिने लोग हिन्दुओं को यह कहते है की संविधान सबको बराबर अधिकार देता है। सच्चाई यह है कि यह बराबर अधिकार नहीं देता है।",
    "verdict": {
        "result": "HATE_SPEECH",
        "hate_types": [
            "offensive"
        ],
        "reasoning": "The comment uses explicit abusive slurs (“साले”, “कमिने”) aimed at a group described as “जेएनयू छाप लोग” (JNU-type people), which makes it clearly offensive. The target is an ideological/political group rather than a protected class, and there is no call for violence or discrimination, so 'hate' does not apply. The statement about the Constitution not giving equal rights is a broad opinion rather than a verifiably false claim, so 'fake' is not assigned. No specific person is accused of a concrete, reputationally damaging false act, so 'defamation' does not apply."
    }
}