{
    "comment_index": 60,
    "comment_text": "कल के आये कुछ आईटी सेल के लोग योगी जी के विरोध में उतरे हैं। मैदान में आप किन के साथ है यह आपको सोचना है।",
    "verdict": {
        "result": "NOT_HATE",
        "hate_types": [],
        "reasoning": "Targets a political group/stance (e.g., “IT cell people”) rather than a protected class, uses no slurs or dehumanizing language, and contains no threats or calls for violence. No verifiably false factual claim (fake/misinformation) or defamatory allegation is present. Tone is not abusive or profane. Therefore none of [fake, hate, offensive, defamation] apply."
    }
}