{
    "comment_index": 158,
    "comment_text": "के विशेष बुलेटिन एक्सप्रेस न्यूज़ में सिर्फ़ आधे घंटे में देशदुनिया की ख़बरें",
    "verdict": {
        "result": "NOT_HATE",
        "hate_types": [],
        "reasoning": "The comment is a factual statement about a news bulletin. It does not contain hate speech, offensive language, defamation, or false information. It's a neutral and promotional statement."
    }
}