{
    "comment_index": 220,
    "comment_text": "पूरे टूर्नामेंट में टीम इंडिया के गेंदबाज़ों ने कमाल का प्रदर्शन किया ये कहना मुश्किल है कि चार साल बाद ऐसी गेंदबाज़ी यूनिट फिर देखने को मिलेगी पढ़िए वरिष्ठ खेल पत्रकार का ब्लॉग",
    "verdict": {
        "result": "NOT_HATE",
        "hate_types": [],
        "reasoning": "The comment praises the performance of the Indian cricket team's bowlers, expressing admiration and anticipation. There is no evidence of hate speech, offensive language, defamation, or the spread of false information. The comment is a positive assessment and does not target any group or individual with negativity."
    }
}