{
    "comment_index": 14,
    "comment_text": "टीवी पर आने से पहले इतनी तैयारी करता है ये गरीब आदमी",
    "verdict": {
        "result": "NOT_HATE",
        "hate_types": [],
        "reasoning": "The comment says, “Before coming on TV, this poor man prepares so much.” The phrase ‘गरीब आदमी’ can be an idiomatic, pitying “poor guy” rather than a class-based slur. There is no explicit insult, dehumanization, or call to harm, nor a generalization about a group; it targets a specific individual and could even be sympathetic. There is no factual claim (so not fake) and no verifiable allegation harming reputation (not defamation). Given the ambiguity and lack of clear derogation, no harmful category applies."
    }
}