{
    "comment_index": 111,
    "comment_text": "क्रोनोलॉजी समझिए बर्षीय रामभक्त गोपाल के बाप की मौत साल पहले हो चुकी है । देश की मीडिया देशद्रोहीमीडिया दिल्ली पुलिस गोपालहिंदुत्वआतंकवादी गोपालहिंदुत्वआतंकवादी गोपालशर्मा गोपालआतंकवादी",
    "verdict": {
        "result": "HATE_SPEECH",
        "hate_types": [
            "offensive",
            "defamation"
        ],
        "reasoning": "The comment repeatedly labels a named individual (“गोपाल/गोपाल शर्मा”) as an “आतंकवादी” (terrorist) and calls the media “देशद्रोही” (traitors), using abusive language and imputing serious criminal/treasonous conduct without evidence—meeting offensive and defamation. Although it references “रामभक्त” and “हिंदुत्व,” the vilification is directed at an individual and an ideology rather than a protected religious group collectively, and there is no incitement, so ‘hate’ does not apply. The veracity of the claims is not established, so ‘fake’ is not assigned."
    }
}