{
    "comment_index": 197,
    "comment_text": "पुलिस और बदमाशों के बीच मुठभेड हजार का इनामी गिरफ्तार आधा दर्जन से ज्यादा मुकदमों में था फरार पहिया वाहनों को रोककर करता था लूट शाहजहांपुर लखीमपुर पुलिस की संयुक्त कार्रवाई",
    "verdict": {
        "result": "NOT_HATE",
        "hate_types": [],
        "reasoning": "The comment reports on a police encounter and arrest, using potentially emotive language ('badmash'). However, it does not directly attack or demean any individual or group based on protected characteristics. The primary focus is on the actions of the alleged criminal. Therefore, it does not constitute hate speech."
    }
}