{
    "comment_index": 195,
    "comment_text": "न्यूज़ चैनल के नाम पर कब तक चलेगा थियेटर",
    "verdict": {
        "result": "NOT_HATE",
        "hate_types": [],
        "reasoning": "The comment criticizes news channels, expressing an opinion about their practices. It does not target any protected group, contain any factual falsehoods, or incite violence or hatred. Therefore, it does not meet the criteria for hate speech, defamation, or offensiveness."
    }
}