{
    "comment_index": 17,
    "comment_text": "शांतिप्रिय द्वारा मोहम्मद पैगंबर पर आपत्तिजनक टिप्पणी के लिए बैंगलोर में उपद्रव और हमारे यहाँ हीरखान जो नियमित रूप से हिंदू देवीदेवताओं को गाली दे रही थी।",
    "verdict": {
        "result": "HATE_SPEECH",
        "hate_types": [
            "hate",
            "offensive"
        ],
        "reasoning": "The comment uses the dogwhistle 'शांतिप्रिय' to implicitly target Muslims and link them with 'उपद्रव' (rioting), stereotyping a protected religious group as violent. It also juxtaposes this with a named individual allegedly abusing Hindu deities, which heightens communal antagonism. The framing is inflammatory and provocative, making it offensive. There is no clear evidence of falsity to justify a 'fake' label, and the claim about Heer Khan, while accusatory, is not demonstrably false or specific enough to conclude 'defamation.' Therefore, 'hate' and 'offensive' apply; 'fake' and 'defamation' do not."
    }
}