{
    "comment_index": 64,
    "comment_text": "यही तो खूबसूरती है अपने देश की उधर बनारस के पंडित जी मस्जिद निर्माण के लिए सोने की ईंट दे रहे है और यहां अब्दुल बम से मंदिर उड़ाने की साजिश रच रहा था",
    "verdict": {
        "result": "HATE_SPEECH",
        "hate_types": [
            "hate",
            "offensive"
        ],
        "reasoning": "The comment contrasts a generous 'पंडित जी' with 'अब्दुल' allegedly plotting to bomb a temple, using 'अब्दुल' as a dog-whistle for Muslims and stereotyping them as violent. This targets a protected religious group via negative generalization and fosters communal animus (hate). The framing is also demeaning toward the group (offensive). While it alleges a crime, no specific identifiable individual is named, so defamation is not applied; and without verification, labeling it fake would be speculative."
    }
}