{
    "comment_index": 221,
    "comment_text": "केंद्रीय मंत्री श्री जी की अध्यक्षता में अरुणाचल प्रदेश के मुख्यमंत्री श्री जी के साथ जल जीवन मिशन विषय पर वीडियो कांफ्रेंस के माध्यम से चर्चा करते हुए",
    "verdict": {
        "result": "NOT_HATE",
        "hate_types": [],
        "reasoning": "The comment is a factual statement about a meeting. It does not contain any direct instances of hate speech, defamation, or offensive content. While there is a potential for misuse, the comment itself does not meet the criteria for any of the harmful categories."
    }
}