{
    "comment_index": 11,
    "comment_text": "गृह मंत्री अमित शाह को बोन कैंसर से जूझ रहे हैं",
    "verdict": {
        "result": "NOT_HATE",
        "hate_types": [],
        "reasoning": "The comment makes a neutral claim about an individual's health and contains no slurs, insults, incitement, or targeting of a protected group, so it is not hate or offensive. While it may be unsourced and potentially harmful, there is no concrete evidence presented to deem it false or to meet defamation standards (falsehood plus reputational harm and fault). Therefore, none of the harmful categories (fake, hate, offensive, defamation) apply."
    }
}