{
    "comment_index": 35,
    "comment_text": "हमारे पुर्खो ने साल तक राज किया ये कहते हुए पंचेर बना ने चला गया",
    "verdict": {
        "result": "HATE_SPEECH",
        "hate_types": [
            "offensive"
        ],
        "reasoning": "The comment sarcastically demeans someone by reducing them to a menial job (“पंक्चर बनाने चला गया”) to belittle their status, which is insulting and derogatory in tone. However, there is no explicit reference to a protected group, no clear communal marker, and no identifiable individual accused of a false fact. Thus, it is offensive but not hate, defamation, or fake."
    }
}