{
    "comment_index": 193,
    "comment_text": "सियासत के अजातशत्रु कांग्रेस के लिए संकट मोचक तो विपक्षी नेताओं के लिए मार्गदर्शक थे प्रणब दा",
    "verdict": {
        "result": "NOT_HATE",
        "hate_types": [],
        "reasoning": "The comment is a respectful tribute. While it praises Pranab Mukherjee and his association with the Congress, it does not contain any direct attacks, insults, or incitement of violence against any group or individual. The potential for misinterpretation or indirect polarization does not meet the threshold for hate speech. The comment does not fall into any of the specified hate categories."
    }
}