{
    "comment_index": 56,
    "comment_text": "नशे में धुत फर्जी राष्ट्रवादी केजरीवाल किसी काम के नहीं। भविष्य में मतदान करते समय सावधान रहें दिल्ली दिल्ली के मुख्यमंत्री अरविंद केजरीवाल को फेसबुक लाइव वीडियो रिकॉर्ड करने के दौरान नशे में धुत और लड़खड़ा कर बोले हुए दिखाए जाने वाला वीडियो फर्जी है।",
    "verdict": {
        "result": "HATE_SPEECH",
        "hate_types": [
            "offensive",
            "defamation"
        ],
        "reasoning": "The comment insults a named individual (Arvind Kejriwal) with derogatory labels like “किसी काम के नहीं” and “फर्जी राष्ट्रवादी,” which is offensive. It also asserts a harmful factual claim that he is “नशे में धुत” (drunk), while simultaneously saying the video showing him drunk is fake, leaving an unsupported allegation that can harm reputation—thus defamatory. It does not target a protected group (so not 'hate') and it counters, rather than spreads, the fake video (so not 'fake')."
    }
}