{
    "comment_index": 114,
    "comment_text": "शिव सैनिक की राजनीतिक बिल्कुल ठीक है एग्रेसिव होकर ही राजनीति करनी चाहिए यह बाकी चुनाव क्यों हारते हैं यह की पहले वाली माहौल समझकर चुनाव लड़ रहे हैं भाषण दे रहे हैं यह जिंदगी में नहीं चुनाव जीतेंगे कम से कम शिवसैनिक अपनी जगह पर सही है जैसे को तैसा की भाषा में जवाब देनी चाहिए",
    "verdict": {
        "result": "NOT_HATE",
        "hate_types": [],
        "reasoning": "The content expresses partisan political opinion without targeting a protected class, using slurs, or making defamatory or clearly false claims. Therefore, it is not hate, offensive, fake, or defamation."
    }
}