{
    "comment_index": 39,
    "comment_text": "पब्जी गेम पर जितना जल्द हो सरकार करवाई करें यह बच्चे को जिंदगी से खिलवाड़ हो रही है पब्जी को बैन करो आने वाली पीढ़ी को जिंदा रहने दो",
    "verdict": {
        "result": "NOT_HATE",
        "hate_types": [],
        "reasoning": "The content calls for banning a video game (PUBG) due to child welfare concerns. It targets a product, not a person or protected group, and contains no slurs, threats, insults, or specific false allegations. Therefore, none of the categories ['fake', 'hate', 'offensive', 'defamation'] apply."
    }
}