{
    "comment_index": 206,
    "comment_text": "तमिलनाडु के कुड्डालोर जिले में पटाखा फैक्ट्री में विस्फोट होने से सात लोगों की मौत हो गई है चार लोग गंभीर रूप से घायल हैं पुलिस के मुताबिक़ इस हादसे में पटाखा फैक्ट्री मालिक की भी मौत हो गई है घायलों को नज़दीकी हॉस्पिटल में एडमिट कराया गया है",
    "verdict": {
        "result": "NOT_HATE",
        "hate_types": [],
        "reasoning": "The comment is a factual news report. It does not contain any elements of hate speech, incitement, or defamation. The language is neutral and informative."
    }
}