{
    "comment_index": 150,
    "comment_text": "मोदी जी ने लाल किला से कहा कि भारत क्या कर सकता है वो लद्दाख में दिखा। सैनिक शाहिद हुए चीन घुसा हुआ है तो क्या दिखा दुनिया मे मोदी जी जैसा व्यक्ति न हुआ होगा जो दिन को रात कहे लोग मान जाए। इस देश का भविष्य अंधकार में है ।",
    "verdict": {
        "result": "NOT_HATE",
        "hate_types": [],
        "reasoning": "The comment criticizes the Prime Minister and government policies, expressing a negative view of their actions regarding the Ladakh situation. However, it does not target any protected group, incite violence, or promote hatred. It expresses a political opinion and assesses government performance, thus falling under protected free speech and not meeting the criteria for hate speech, defamation, or any other harmful category. The comment is critical, but the criticism does not cross the line into any of the predefined harmful categories."
    }
}