{
    "comment_index": 77,
    "comment_text": "यह केरल का मोइनुद्दीन है । उन्होंने में जेएनयू में प्रवेश लिया । यदि सालदर साल उन्होंने बीए एमए एमफिल और फ़ीर पीएचडी में दाखिला लिया तो उन्हें में जेएनयू छोड़ देना चाहिए था और काम करना शुरू कर देना चाहिए था ।",
    "verdict": {
        "result": "NOT_HATE",
        "hate_types": [],
        "reasoning": "The comment criticizes an individual's prolonged academic enrollment and suggests he should start working. It does not use slurs, dehumanizing language, or target a protected group; nor does it generalize to any group or incite hostility. There is no abusive language, no specific false allegations, and no defamatory claim. Therefore, none of 'fake', 'hate', 'offensive', or 'defamation' apply."
    }
}