{
    "comment_index": 96,
    "comment_text": "बिहार में धर्म खतरे में है जल्दी चलो सभी अंधभक्त",
    "verdict": {
        "result": "HATE_SPEECH",
        "hate_types": [
            "offensive"
        ],
        "reasoning": "The comment uses the derogatory term 'अंधभक्त' to insult a group of supporters, which is offensive. While it invokes 'धर्म खतरे में है' and calls for mobilization, it does not clearly target a protected class with hatred, advocate harm, or make a specific verifiable false claim; nor does it defame a specific individual/entity. Therefore, 'offensive' applies; 'hate', 'fake', and 'defamation' do not."
    }
}