{
    "comment_index": 218,
    "comment_text": "शिक्षक दिवस पर जी ला रहा इस सीजन की सबसे अनोखी फिल्म संगीत के शागिर्द सुनाएंगे पुराना किस्सा",
    "verdict": {
        "result": "NOT_HATE",
        "hate_types": [],
        "reasoning": "The comment is a promotional message and does not contain any hate speech elements. It does not promote hostility, discrimination, or violence. The language used is neutral and descriptive."
    }
}