{
    "comment_index": 200,
    "comment_text": "में एक गैर सरकारी संस्था ने कुशल अकुशल श्रमिकों के लिए एक मोबाइल ऐप्लीकेशन काम आया लॉन्च किया है।",
    "verdict": {
        "result": "NOT_HATE",
        "hate_types": [],
        "reasoning": "The comment describes the launch of a mobile application by an NGO for skilled and unskilled laborers. It is a factual statement without any hateful, offensive, defamatory, or fake elements. It does not incite violence, promote hatred, or defame any individual or group. Therefore, it is classified as not hate speech."
    }
}