{
    "comment_index": 163,
    "comment_text": "नई शिक्षा नीति पर क्या बोले प्रधानमंत्री नरेंद्र मोदी",
    "verdict": {
        "result": "NOT_HATE",
        "hate_types": [],
        "reasoning": "The comment is a neutral question about a topic. It does not contain any hateful, offensive, defamatory, or false information. While it could be used to facilitate harmful discussions, the comment itself is innocuous."
    }
}