{
    "comment_index": 153,
    "comment_text": "जैसा कि कल बताया गया कि भारतीय सेना ने इस भड़काऊ कार्रवाई पर प्रतिक्रिया दी और देश के हितों को देखते हुए रक्षात्मक कदम उठाएः विदेश मंत्रालय पैंगोंग सो में हालिया झड़प पर",
    "verdict": {
        "result": "NOT_HATE",
        "hate_types": [],
        "reasoning": "The comment reports on actions taken by the Indian army and the Ministry of External Affairs, using the term 'provocative action.' While it could potentially be used to promote a biased narrative, it does not directly attack, vilify, or incite violence against any group or individual. It is therefore not hate speech, offensive, or defamatory. It is also not fake, as it reports on the Indian army responding to a situation and therefore is a description of an event."
    }
}