{
    "comment_index": 106,
    "comment_text": "कोरोना ने तोडी मेरी धर्म में आस्था मोहन भागवत रास्वसंघ के पूसरसंघचालक जी के नाम पर सोशल मीडिया में एक फेक न्यूज़ चल रही है। पूसरसंघचालक जी ने ऐसा कोई वक्तव्य नहीं दिया है। यह समाज तोड़ने वाली शक्तियों का अपने लक्ष्यों की प्राप्ति के लिए समाज में अनास्था अराजकता और समाज विघटन के प्रयास का एक षड्यंत्र है।",
    "verdict": {
        "result": "NOT_HATE",
        "hate_types": [],
        "reasoning": "The comment disputes an alleged fake quote and criticizes vague “society-dividing forces” without attacking a protected group or using abusive language. It also does not make a false, reputation-harming claim about an identifiable person (it defends Bhagwat). Therefore none of the categories [fake, hate, offensive, defamation] apply."
    }
}