{
    "comment_index": 189,
    "comment_text": "म्यांमार चुनाव को लेकर फेसबुक की तैयारी गलत सूचनाओं पर होगा वार",
    "verdict": {
        "result": "NOT_HATE",
        "hate_types": [],
        "reasoning": "The comment discusses Facebook's efforts regarding misinformation in the context of the Myanmar elections. While the context is sensitive and raises concerns about potential misuse, the comment itself does not contain any direct incitement to violence, advocacy for discrimination, or hateful language toward any group. The potential for misinterpretation or being used to suppress opinions does not make it hate speech. Therefore, I find that the comment does not meet the threshold to be classified as hate speech."
    }
}