{
    "comment_index": 118,
    "comment_text": "बंगाल में हिन्दू मरे हैं इसलिए मुझे कोई फर्क नहीं पड़ता रविश कुमार",
    "verdict": {
        "result": "HATE_SPEECH",
        "hate_types": [
            "hate",
            "offensive"
        ],
        "reasoning": "The comment states indifference to the deaths of Hindus, a protected religious group, thereby trivializing harm against them and condoning hostility (hate). Its callous stance toward deaths is inflammatory and demeaning (offensive). While the name 'Ravish Kumar' is appended, the phrasing is ambiguous (address vs. attribution) and does not clearly assert a verifiable factual quote, so defamation/fake are not applied."
    }
}