{
    "comment_index": 204,
    "comment_text": "मप्र सरकार ने अगस्त से प्रदेश में लागू हर रविवार को लॉकडाउन संबंधी आदेश आज निरस्त कर दिया है। अब रविवार को लॉकडाउन नहीं रहेगा।",
    "verdict": {
        "result": "NOT_HATE",
        "hate_types": [],
        "reasoning": "The comment reports a change in government policy regarding lockdown restrictions. It is factual and does not contain any hate speech, offensive language, defamation, or misinformation."
    }
}