{
    "comment_index": 92,
    "comment_text": "यही नसीहत अगर आप नसीरुद्दीन शाह मुनव्वर राना आमिर खान जावेद अख्तर को देते तो हमें बहुत ख़ुशी होती",
    "verdict": {
        "result": "NOT_HATE",
        "hate_types": [],
        "reasoning": "The statement addresses specific public figures without slurs, dehumanization, threats, or false allegations, and it does not generalize to a protected group. Therefore, none of the categories ('fake', 'hate', 'offensive', 'defamation') apply."
    }
}