{
    "comment_index": 10,
    "comment_text": "हा बे कटे लैंड की पैदाइस हलाला की ओलाद तुम्हे ये नही मालूम तेरा अबु कौन है और तेरी खाला जान चुदाईखाना को नहीं पता कि तेरा अबु मौलवी साहब है चचा है भाई जान है या पड़ोस वाला अब्दुलफारुख रहिस चचा भी तेरे अबु जान हो सकते है।साला सुवर तेरी",
    "verdict": {
        "result": "HATE_SPEECH",
        "hate_types": [
            "hate",
            "offensive",
            "defamation"
        ],
        "reasoning": "The comment uses religion-specific slurs and stereotypes associated with Muslims (e.g., 'कटे', 'हलाला की ओलाद', references to 'मौलवी', and Muslim names) to denigrate the target, including dehumanization ('सुअर'), which qualifies as religion-based hate. It is also extremely vulgar and sexually obscene, making it offensive. Additionally, it asserts damaging claims about the target’s parentage and relatives’ sexual conduct ('तेरा अबु कौन है', suggesting multiple possible fathers), which are defamatory in nature. There is no misinformation narrative, so 'fake' does not apply."
    }
}