{
    "comment_index": 76,
    "comment_text": "अर्नब गोस्वामी से पत्रकारिता जगत को उतना ही फायदा होता है जितना मुख्तार अब्बास नकवी से मुसलमानों का",
    "verdict": {
        "result": "HATE_SPEECH",
        "hate_types": [
            "offensive"
        ],
        "reasoning": "The comment is a sarcastic put‑down of two public figures, implying they are of no use to their constituencies, and uses a religious community as a rhetorical device. While it does not attack Muslims as a group, use slurs, dehumanize, incite harm, or assert a verifiable false fact (so not hate, fake, or defamation), its derisive tone toward individuals and the community’s tokenistic mention make it offensive. Therefore: offensive applies; others do not."
    }
}