{
    "comment_index": 72,
    "comment_text": "कुछ शायरी हमारे पप्पू के नाम नाव लगभग डूब चुकी मुश्किल फ्यूचर में जीतना बचा कांग्रेस के हाथ पप्पू के लिए ताली पीटना मोदीहैतोमुमकिनहै",
    "verdict": {
        "result": "HATE_SPEECH",
        "hate_types": [
            "offensive"
        ],
        "reasoning": "The comment uses a derogatory nickname (“पप्पू”) to mock a political figure and belittles his supporters (e.g., “ताली पीटना”), with taunting metaphors like a ‘sinking boat’. This constitutes insulting, harassing tone appropriate for the ‘offensive’ category. It does not present verifiable false allegations (so not defamation) nor factual claims (so not fake), and it does not target a protected characteristic, so ‘hate’ does not apply."
    }
}