{
    "comment_index": 192,
    "comment_text": "जिन लोगों को श्रीराम के अस्तित्व का ही भरोसा नहीं था अब उन्हें श्रीराम की ताकत का अंदाजा हो रहा है। रोम की बात करने वाले भी अब रामराम की रट लगाने लगे हैं। यह लोग जान गए हैं कि अब रामनाम से ही वैतरणी पार होनी है। श्रीराम का नाम हर स्थिति में कल्याणकारी है। जय सियाराम",
    "verdict": {
        "result": "NOT_HATE",
        "hate_types": [],
        "reasoning": "The comment expresses religious beliefs and makes claims about the superiority of a particular religious figure, which, while potentially offensive to some, does not directly incite violence, promote discrimination, or attack any specific group with malice. Therefore, it does not meet the criteria for hate speech."
    }
}