{
    "comment_index": 19,
    "comment_text": "केजरीवाल संघ शाखा की पैदाइश है संघ शाखा जिस तरह आतंक फैलती है झूठ फैलाती है उसी से इसने बचपन से शिक्षा दीक्षा ली है इसने तो प्लाज्मा डोनेट करके कोरोना परसेंट ठीक कर रही थी यह सब भ्रष्टाचार के जरिए अधिकारी बना है ज्ञान नहीं इसके पास",
    "verdict": {
        "result": "HATE_SPEECH",
        "hate_types": [
            "hate",
            "offensive",
            "defamation"
        ],
        "reasoning": "The comment vilifies a political group (RSS) as spreading terror and lies, which is group-based demonization (hate). It personally insults Kejriwal (e.g., ‘ज्ञान नहीं इसके पास’), making it offensive. It also levels serious, specific-sounding but unsupported accusations (e.g., becoming an officer through corruption; RSS spreading terror), which are defamatory. While it contains hyperbolic and mocking claims, they are not clearly verifiable misinformation, so 'fake' is not applied."
    }
}