{
    "comment_index": 188,
    "comment_text": "केंद्र ने मध्यप्रदेश से कहा लॉकडाउन में बंटा चावल इंसान के लायक नहीं जानवरों को खिलाएं",
    "verdict": {
        "result": "HATE_SPEECH",
        "hate_types": [
            "offensive",
            "hate",
            "fake"
        ],
        "reasoning": "The comment is classified as hate speech because it makes an offensive statement and could be classified as fake news. The comment implies that the central government has told Madhya Pradesh that the rice is not fit for human consumption and should be fed to animals, devaluing those who received the rice. This dehumanization, coupled with a potentially false statement, contributes to the hate speech classification, due to the criticism that is directed towards the government, making the statement offensive."
    }
}