{
    "comment_index": 90,
    "comment_text": "बिहार चुनाव में प्रचार करेंगी कंगना रनौतस्कूल कॉलेज रहेंगे बंद",
    "verdict": {
        "result": "NOT_HATE",
        "hate_types": [],
        "reasoning": "The content is a neutral/newsy or satirical statement about Kangana Ranaut campaigning in Bihar and schools/colleges closing. It contains no insults, slurs, dehumanization, threats, or advocacy of harm toward any person or protected group, and makes no defamatory allegations. There’s no clear false factual claim identified. Therefore it does not fall under hate, offensive, fake, or defamation."
    }
}