{
    "comment_index": 27,
    "comment_text": "कर्नाटक के के मंच से ही जब गुरु जी ने का विरोध किया तो साहब भड़क उठे ऐसी बे इज्जती आपने कभी नही देखी होगी दलाल मीडिया के चाटूकार पत्रकारो ने एक बार भी नही चलाया करो तो ज़रा फेमस गुरू जी को",
    "verdict": {
        "result": "HATE_SPEECH",
        "hate_types": [
            "offensive"
        ],
        "reasoning": "The comment labels the media and journalists as 'दलाल' (brokers/corrupt) and 'चाटूकार' (sycophants), which is derogatory and insulting toward a professional group, making it offensive. It does not target a protected class (so not 'hate'), does not present verifiable false information ('fake' not established), and lacks a specific identifiable target for a provably false factual claim (so 'defamation' not established)."
    }
}