{
    "comment_index": 133,
    "comment_text": "योगी आदित्यनाथ के राज में उत्तर प्रदेश में अपराध कम हुए हैं या बढ़ गए स्टोरी और आवाज़ समीरात्मज मिश्र बीबीसी हिंदी के लिए",
    "verdict": {
        "result": "NOT_HATE",
        "hate_types": [],
        "reasoning": "The comment is a neutral question about crime rates in Uttar Pradesh. It does not contain hate speech, incite violence, or promote discrimination. The potential for harm lies in the ensuing discussion and the contents of the report, not in the comment itself."
    }
}