{
    "comment_index": 23,
    "comment_text": "में हुई तोड़फोड़ के बाद गर्ल्स हॉस्टल में बिखरा हुआ सामान धन्य हैं यहां की स्टूडेंट। बहुत दुख हुआ इन लोगों की बुक्स देखकर सब फट गई है।",
    "verdict": {
        "result": "NOT_HATE",
        "hate_types": [],
        "reasoning": "The comment describes vandalism in a girls’ hostel and laments torn books. While there is mild sarcasm, there are no slurs, demeaning language, incitement, or targeted abuse toward a protected group, and no verifiably false or defamatory claims. Therefore, none of the categories (fake, hate, offensive, defamation) apply."
    }
}