{
    "comment_index": 154,
    "comment_text": "गिरती अर्थव्यवस्था और बढ़ती बेरोजगारी",
    "verdict": {
        "result": "NOT_HATE",
        "hate_types": [],
        "reasoning": "The comment expresses a negative assessment of the economy. However, it does not directly target any group, incite violence, or use hateful language on its own. While the context could influence the interpretation, the comment itself doesn't meet the criteria for hate speech, offensiveness, or defamation. Therefore, the comment is not considered hate speech."
    }
}