{
    "comment_index": 87,
    "comment_text": "सबसे बड़ा कमीना नॉटी भड़वा सूजे मु वाला",
    "verdict": {
        "result": "HATE_SPEECH",
        "hate_types": [
            "offensive",
            "defamation"
        ],
        "reasoning": "The comment targets an individual (“नॉटी”) with severe Hindi slurs—“सबसे बड़ा कमीना” (biggest scoundrel), “भड़वा” (pimp), and “सूजे मु वाला” (swollen-faced)—which is clearly abusive and demeaning (offensive). Calling someone “भड़वा” imputes involvement in pimping, a stigmatized/illegal role, which can damage reputation and thus constitutes defamation in this context. There is no broader misinformation claim (not fake) and no attack on a protected class (so not ‘hate’ under a protected-class standard)."
    }
}