{
    "comment_index": 165,
    "comment_text": "फ्यूचर ग्रुप के शेयरहोल्डर्स को इस डील से क्या मिला जानें",
    "verdict": {
        "result": "NOT_HATE",
        "hate_types": [],
        "reasoning": "The comment is a question and, in isolation, does not contain any hateful, offensive, defamatory, or fake information. The potential for misuse of the question does not make the question itself harmful."
    }
}