{
    "comment_index": 168,
    "comment_text": "प्रदेश में हाॅटस्पाॅट वाली बस्तियों की अनुमानित जनसंख्या के सापेक्ष डोरस्टेप डिलीवरी मिल्क बूथमैन के द्वारा दूध वितरित किया गया है गृह व सूचना श्री जी",
    "verdict": {
        "result": "NOT_HATE",
        "hate_types": [],
        "reasoning": "The comment describes milk distribution in specific areas. The language is neutral and does not target any group with hateful speech. Although the comment could potentially spread misinformation, it does not inherently promote hate speech. Based on the provided context, the comment does not constitute hate speech."
    }
}