{
    "comment_index": 196,
    "comment_text": "रिया और शोविक से चार घंटे तक पूछताछ हुई पहले दौर की पूछताछ खत्म",
    "verdict": {
        "result": "NOT_HATE",
        "hate_types": [],
        "reasoning": "The comment reports a factual event and does not contain any hateful language. While the topic is sensitive, the comment itself does not promote violence, discrimination, or harassment."
    }
}