{
    "comment_index": 29,
    "comment_text": "छात्रा वीं क्लास में पढ़ती थी प्रैक्टिकल परीक्षा देने के लिए स्कूल गई हुई थी परीक्षा देकर स्कूल से लौट ही रही थी तभी स्कूल के बाहर घात लगाए बैठे एक मुसलमान युवक ने जिसकी उम्र लगभग से साल बताई जा रही है तेजी से तलवार लेकर आया और छात्रा के गर्दन पर वार कर दिया।मुस्लिम युवक ने तलवार से वार कर हिंदू लडकी पूजापुत्री शंकर लाल कोतमा अनूपगढ मध्य प्रदेश की हत्या इसलिये कर दी क्योंकि उसने उसके तथाकथित लव जेहादी प्यार को नकार दिया था हम हिंदू इस देश मे कितने लाचार हैं। ऒर कितने सुरक्षित हैं इन जेहादियो के आगे । खून खोलता है मेरा ऐसे मै",
    "verdict": {
        "result": "HATE_SPEECH",
        "hate_types": [
            "hate",
            "offensive",
            "defamation",
            "fake"
        ],
        "reasoning": "The comment frames a communal binary (Muslim attacker vs. Hindu victim), labels Muslims as 'jehadis' and portrays them collectively as a threat, thereby generalizing and demonizing a protected religious group (hate). It uses inflammatory, inciting language ('इन जेहादियों', 'खून खोलता है मेरा'), which is demeaning and agitational (offensive). It attributes criminal/terrorist intent to a religious community via the 'लव जिहाद' trope, harming the group’s reputation (group defamation). The narrative relies on the conspiratorial 'लव जिहाद' framing and includes unsourced, inconsistent details, indicating a misleading/fake portrayal. While the Advocate notes no explicit call to violence and claims criticism targets extremists, the text’s repeated conflation of 'मुस्लिम' with 'जेहादी' and broad safety claims about Hindus show group vilification beyond mere critique of extremists."
    }
}