{
    "comment_index": 184,
    "comment_text": "साल के पूर्व राष्ट्रपति प्रणब मुखर्जी का निधन दिन का राजकीय शोक",
    "verdict": {
        "result": "NOT_HATE",
        "hate_types": [],
        "reasoning": "The comment is a factual statement reporting the death of a former president and the declaration of a day of national mourning. It does not contain any elements of hate, offense, defamation, or falsehood."
    }
}