{
    "comment_index": 128,
    "comment_text": "और के परीक्षार्थियों के लिए बिहार में पूर्व मध्य रेलवे चलाएगा इंटरसिटी ट्रेनें। सितंबर से सितंबर के बीच चलेंगी ट्रेनें।",
    "verdict": {
        "result": "NOT_HATE",
        "hate_types": [],
        "reasoning": "The comment announces train services for examinees. While vague, it does not contain hate speech, promote violence, or target any group. The potential for misuse does not automatically make the original comment hateful. The comment is neutral on its face. The lack of specificity creates a vulnerability to exploitation, but it is not inherently hateful."
    }
}