{
    "comment_index": 148,
    "comment_text": "भारत न्यूजीलैंड मैच देखने के दौरान शख्स को आया हार्ट अटैक हुई मौत",
    "verdict": {
        "result": "NOT_HATE",
        "hate_types": [],
        "reasoning": "The comment 'भारत न्यूजीलैंड मैच देखने के दौरान शख्स को आया हार्ट अटैक हुई मौत' translates to 'A person died of a heart attack while watching the India vs. New Zealand match.' This statement reports a factual event and does not attack or demean any individual or group. It does not incite violence or hatred. Therefore, it is not hate speech."
    }
}