{
    "comment_index": 99,
    "comment_text": "इन कुत्तो को कभी जनता के हवाले कर दीजिए देखिये इनकी औकात दिखती है या नही साला भेड़िया",
    "verdict": {
        "result": "HATE_SPEECH",
        "hate_types": [
            "hate",
            "offensive"
        ],
        "reasoning": "The comment dehumanizes the targets by calling them 'dogs' and a 'wolf' and implies vigilante/mob harm by suggesting they be handed over to the public. It also uses abusive profanity and derogatory language, making it offensive. There are no factual claims, so defamation and fake do not apply."
    }
}