{
    "comment_index": 104,
    "comment_text": "नमस्ते बैंगलोर में हर किसी से विनम्र निवेदन कि आप आज रात बजे के बाद कल सुबह बजे तक अपने घर से बाहर न निकलें। कोविड को मारने के लिए हवा में दवा का छिड़काव किया जाएगा। इस जानकारी को बेंगलुरु में अपने सभी दोस्तों रिश्तेदारों और अपने परिवारों से शेयर करें धन्यवाद",
    "verdict": {
        "result": "HATE_SPEECH",
        "hate_types": [
            "fake"
        ],
        "reasoning": "The message spreads an unverified and scientifically debunked claim that spraying medicine in the air will kill COVID-19 in Bengaluru, urges people to stay indoors without official details, and asks recipients to widely share it. It lacks credible sources, uses vague timing, and mirrors common rumor-forward patterns. There is no hateful targeting, abusive language, or reputational allegation, so 'hate', 'offensive', and 'defamation' do not apply. Therefore, the applicable category is 'fake', making the result HATE_SPEECH under the provided schema."
    }
}