{
    "comment_index": 63,
    "comment_text": "जल्द ही पबजी जी की जगह साहबजी गेम आऐगा इसे सिर्फ़ अंधभक्त खेल सकेंगे",
    "verdict": {
        "result": "HATE_SPEECH",
        "hate_types": [
            "hate",
            "offensive"
        ],
        "reasoning": "The comment derogatorily targets a political support group using the pejorative 'अंधभक्त' (blind devotee) and mocks them with exclusionary framing ('इसे सिर्फ़ अंधभक्त खेल सकेंगे'). Political affiliation is a protected characteristic, and the language demeans that group, fitting both 'hate' and 'offensive'. It does not make factual claims or allegations about an individual, so 'fake' and 'defamation' do not apply."
    }
}