{
    "comment_index": 135,
    "comment_text": "दोनों खबरों को देखिए। जब लालू यादव जी ने अपने घर में दो मोर पाले थे तो गोदी मीडिया ने पशुपक्षी विरोधी घोषित से लेकर संरक्षित पक्षी है क्या न कहा इस उल्लंघन पर क़ैद जुर्माना सब कहा। मोदी जी मोर को दाना खिला रहे हैं तो उन्हें पक्षी प्रेमी बता रहे हैं। हमारे यहाँ दो दुनिया है ।",
    "verdict": {
        "result": "NOT_HATE",
        "hate_types": [],
        "reasoning": "The comment criticizes media bias and uses a pejorative term. While it is critical and potentially offensive, it does not incite violence, promote discrimination, or directly attack individuals with the intent to incite hatred. It is an expression of opinion and does not meet the criteria for hate speech."
    }
}