{
    "comment_index": 49,
    "comment_text": "अब यूपीबिहार के लोगों को दिल्ली से भी भगा देना चाहिए रमेश बिधूड़ी भाजपा सांसद रमेश बिधुरी ने कहा अब यूपीबिहार के लोगों को दिल्ली से भी भगा देना चाहिए",
    "verdict": {
        "result": "HATE_SPEECH",
        "hate_types": [
            "hate",
            "offensive"
        ],
        "reasoning": "The comment urges that people from UP-Bihar be driven out of Delhi, explicitly targeting a group based on regional origin and advocating exclusion. This is a hostile, discriminatory call against a defined community and is inherently offensive. While it attributes the statement to a public figure, it does not present critique or context that negates the endorsement of the expulsion idea. There is no sufficient evidence to classify it as fake or defamation."
    }
}