{
    "comment_index": 80,
    "comment_text": "ठरकी साला चल अब फ़िल्म बना इस पर",
    "verdict": {
        "result": "HATE_SPEECH",
        "hate_types": [
            "offensive"
        ],
        "reasoning": "The comment uses abusive, sexualized insults ('ठरकी', 'साला') and taunting language toward an individual, which is clearly offensive. It does not target a protected group (so not 'hate'), assert any factual claim (so not 'fake'), nor make a verifiable defamatory allegation (so not 'defamation')."
    }
}