{
    "comment_index": 105,
    "comment_text": "नागपुर के बस स्टैंड पर पकड़े गए आतंकवादियों का वीडियो है।",
    "verdict": {
        "result": "NOT_HATE",
        "hate_types": [],
        "reasoning": "The comment reports a claim about terrorists caught at the Nagpur bus stand and does not target a protected class, use slurs, or incite violence. While there could be misinformation or defamation risk if identifiable individuals are wrongly labeled, no evidence is provided here to establish 'fake' or 'defamation'. Thus, it is not hate content."
    }
}