{
    "comment_index": 159,
    "comment_text": "टेलीकॉम कंपनियों को सुप्रीम कोर्ट से बड़ी राहत सुप्रीम कोर्ट ने बकाया जमा करने के लिए साल का वक्त दिया टेलीकॉम कंपनियों को बकाये का फीसदी मार्च तक चुकाना होगा",
    "verdict": {
        "result": "NOT_HATE",
        "hate_types": [],
        "reasoning": "The comment reports a Supreme Court decision and doesn't contain any elements of hate speech, offensiveness, defamation, or falsehood. It is a factual statement without any bias or inflammatory language."
    }
}