{
    "comment_index": 110,
    "comment_text": "मै भाजपा का कार्यकर्ता नहीं हूंलेकिन फिर भी मोदी जी मेरा मान हैयोगी जी सम्मान हैऔर अमित जी अभिमान हैऔर मै अपने मान सम्मानअभिमान को कभी झुकने नहीं दूंगा।",
    "verdict": {
        "result": "NOT_HATE",
        "hate_types": [],
        "reasoning": "The comment respectfully praises political leaders, contains no derogatory or threatening language toward any individual or group, and makes no false allegations. The phrase about not letting honor bow is figurative, not incitement. Therefore none of the categories—fake, hate, offensive, or defamation—apply."
    }
}