{
    "comment_index": 112,
    "comment_text": "सुल्तान शेख मोहम्मद ने अबू धाबी में प्रधान मंत्री नरेंद्र मोदी से अपने वादे के अनुसार पहला हिंदू मंदिर बनवाया । सुल्तान की पत्नी बेग़म सिर पर पवित्र रामायण की प्रति लेकर मंदिर की ओर जा रही हैं और साथ में सुल्तान शेख मोहम्मद राम कथा वाचक मोरारी बापू भी दिखाई दे रहे हैं । सच में अद्भुत दृश्य । यह एक दुर्लभ चित्र है।",
    "verdict": {
        "result": "HATE_SPEECH",
        "hate_types": [
            "fake"
        ],
        "reasoning": "The comment includes misleading/incorrect assertions: it mislabels the UAE leader as a 'Sultan', claims his wife carried a Ramayana on her head toward the temple, and suggests a scene with Morari Bapu that aligns with viral misattributed posts. These specifics are not supported by credible reports and distort the facts, qualifying as 'fake'. The content does not attack or demean any group or individual, so 'hate', 'offensive', and 'defamation' do not apply."
    }
}