{
    "comment_index": 91,
    "comment_text": "पश्चिम बंगाल में शरिया कानून के तहत लोगों पे हो रहे अत्याचार ज्यादातर बांग्लादेशी रोहिंग्या मुसलमान बहुल क्षेत्रों रहे हिन्दुओं पर अत्याचार पर कोई सुनने वाला नहीं है ।सेक्युलरीझम के कीड़े कहाँ हो कहाँ है भारत का संविधान ।",
    "verdict": {
        "result": "HATE_SPEECH",
        "hate_types": [
            "fake",
            "hate",
            "offensive"
        ],
        "reasoning": "The comment alleges that West Bengal is operating 'under Sharia law'—a factually false claim in India’s constitutional context (fake). It collectively blames and vilifies protected groups—Bangladeshi, Rohingya, and Muslims—by attributing 'atrocities' to them in Muslim-majority areas, which stigmatizes these groups and promotes an us-vs-them narrative (hate). It also uses dehumanizing insult 'सेक्युलरिज़्म के कीड़े' ('worms of secularism') toward ideological opponents, which is abusive language (offensive). While the defense frames it as political hyperbole and grievance without explicit incitement, the combination of false governance claims, group-based blame, and demeaning language meets hate/offensive thresholds. No specific individual is targeted, so defamation does not apply."
    }
}