{
    "comment_index": 28,
    "comment_text": "इस तस्वीर में जो आलीशान सोहफे और विश्वस्तरीय इंटीरियर डिजाइन हैं यह किसी का ड्राइंग रूम नहीं है यह देश के प्रधानमंत्री के लिए खरीदा गया बोइंग वीवीआइपी एयरक्राफ्ट है इसकी सज धज और शानो शौकत से आप अंदाजा लगा सकते हैं अपने आप को जनता का सेवक और चौकीदार कहने वाला कितना विलासिता पूर्ण जीवन जीने का आदी हो चुका है।और यह विश्वस्तरीय सुविधाओं से लैस एयरक्राफ्ट अगस्त या सितंबर माह में भारत आ जाएगा बस फिर मोदी जी के विदेश दौरे चालू। ऐसी तमाम आधुनिक सुविधा व्यवस्थाओं से लैस ऐसे बोइंग वीवीआइपी एयरक्राफ्ट खरीदे जा रहे हैं जिनकी कीमत लगभग करोड़ रूपया है भारतीयों तुम जिओ फकीरी में और चौकीदार जियेगा शानोशौकत में यह सत्य है प्रधानमंत्री बनने से पहले कितना घड़ियाल की आंसू बहाया था मोदी साहब ने पूरा राष्ट्र को झूठे सपनों में भर्मित करवाया था साहब ने अब देखो हकीकत क्या था किस लिए गुमराह कर रहा था लाख की सूट पहन खुद को फकीर बताता है जापान का खाना और पीना उपयोग करने वाले खुद को भिखारी बताता है जागोभारत जागो।।",
    "verdict": {
        "result": "HATE_SPEECH",
        "hate_types": [
            "offensive"
        ],
        "reasoning": "After weighing both sides, the comment targets a specific political leader with insulting, derisive language (e.g., mocking him as a “फकीर/भिखारी,” “घड़ियाल की आँसू,” and portraying him as living in “शानोशौकत”), which makes it offensive. It does not attack a protected class, so 'hate' does not apply. The claims about aircraft luxury and alleged deception are framed as opinion and rhetorical hyperbole without concrete, falsifiable false statements; thus 'defamation' and 'fake' are not sufficiently established."
    }
}