{
    "comment_index": 151,
    "comment_text": "पर अपडेट्स नए मामले ठीक होने की दर रिकवरी और मौत पर राज्योंकेंद्र शासित प्रदेशों के आंकड़ें विवरण",
    "verdict": {
        "result": "NOT_HATE",
        "hate_types": [],
        "reasoning": "The comment is a factual description of data updates related to COVID-19 statistics, including new cases, recovery rates, and death rates at the state/union territory level. It is a neutral statement providing context for informational updates. There is no evidence of incitement to violence, promotion of discrimination, defamation, or the spread of misinformation. The language is objective and devoid of any malicious intent or targeting of specific groups. Therefore, it does not fall under any of the hate speech categories."
    }
}