{
    "comment_index": 207,
    "comment_text": "बिहार के इस युवा वैज्ञानिक ने विदेश में लहराया भारत का परचम कचरे से पेट्रोल बनाकर किया हैरान",
    "verdict": {
        "result": "NOT_HATE",
        "hate_types": [],
        "reasoning": "The comment celebrates a scientific achievement. While there is a potential for exaggeration and the mention of the scientist's origin, these elements do not constitute hate speech, defamation, or offensiveness. The comment does not promote hatred or discrimination against any group."
    }
}