{
    "comment_index": 213,
    "comment_text": "ये वर्तमान कि सत्यता है कोरोना महामारी कि आड़ मे भ्रष्टाचार अंग तस्करी चरम पर",
    "verdict": {
        "result": "HATE_SPEECH",
        "hate_types": [
            "fake",
            "offensive",
            "defamation",
            "hate"
        ],
        "reasoning": "The comment makes unsubstantiated claims and generalized accusations about corruption and organ trafficking, potentially causing offense, defaming unnamed entities, and creating a climate of distrust. This combination of factors leads to the classification of hate speech."
    }
}