{
    "comment_index": 66,
    "comment_text": "यदि सरकार मस्जिद में नमाज के लिए पांच लोगों से ज्यादा के जाने पर प्रतबंध लगाती है तो लोग अपनी जान देने के लिए भी तैयार हैं।",
    "verdict": {
        "result": "NOT_HATE",
        "hate_types": [],
        "reasoning": "The comment does not attack a protected group, use slurs, promote violence against others, or make defamatory or verifiably false claims. The “ready to die” phrasing reads as personal hyperbole about resisting government restrictions, not a directive or threat toward others. Therefore, none of [\"fake\", \"hate\", \"offensive\", \"defamation\"] apply."
    }
}