{
    "comment_index": 166,
    "comment_text": "देश की बेटी सुदीक्षा को इंसाफ दिलाने के लिए देशवासियों ने आरोपियों के खिलाफ कड़ी कार्रवाई की मांग की थी इसी बीच ये खबर आई है पुलिस ने गुनहगारों को गिरफ्तार कर लिया है और जिस बुलेट से टक्कर मारी गई थी उसे भी बरामद कर लिया गया है",
    "verdict": {
        "result": "NOT_HATE",
        "hate_types": [],
        "reasoning": "The comment reports factual information about arrests related to a death, using emotionally charged but not hateful language. It does not incite violence, attack any group, or promote hatred. The potential for the comment to be misused does not make the comment itself hate speech."
    }
}