{
    "comment_index": 13,
    "comment_text": "राहुल गांधी मैं अगले साल क्या करूंगा सोनिया गांधी बेटा रिचार्ज कर दिया है बैठकर छोटा भीम देख",
    "verdict": {
        "result": "HATE_SPEECH",
        "hate_types": [
            "offensive"
        ],
        "reasoning": "The comment mocks and infantilizes Rahul Gandhi (telling him to sit and watch a kids’ show) and implies dependence on his mother, using demeaning sarcasm aimed at humiliation. This constitutes targeted insult/derision, fitting the 'offensive' category. It does not make factual allegations (so not defamation or fake) and does not target a protected characteristic (so not hate)."
    }
}