{
    "comment_index": 152,
    "comment_text": "सुबह सवा बजे से बजे तक अन्य गणमान्य व्यक्ति श्रद्धा सुमन अर्पित कर सकते हैं बजे से बजे के बीच आम जनता श्रद्धा सुमन अर्पित कर सकेंगे",
    "verdict": {
        "result": "NOT_HATE",
        "hate_types": [],
        "reasoning": "The comment is a neutral announcement about a public event and does not contain any hate speech, offensive language, or defamatory statements."
    }
}