{
    "comment_index": 120,
    "comment_text": "महीने हो गए इन साधु की हत्या हुई आज तक कोई कार्यवाही नहीं हुई देश का इंसाफ़ सिर्फ़ फ़िल्मी सितारों के लिए है क्या",
    "verdict": {
        "result": "NOT_HATE",
        "hate_types": [],
        "reasoning": "The comment criticizes perceived inaction by the justice system and alleged favoritism toward film stars. It does not target a protected group, use slurs, or incite harm, so it is not hate or offensive. It also does not make a specific false factual claim about an identifiable person, so it is not defamation, and there is insufficient basis to label it fake."
    }
}