{
    "comment_index": 50,
    "comment_text": "यह वीडियो हाल ही में दुर्घटनाग्रस्त हुए इथियोपियन एयरलाइंस का है। बूम ने पाया कि वायरल वीडियो से है और अफ़ग़ानिस्तान में दुर्घटनाग्रस्त दुबई के एक कार्गो मालवाहक विमान को दिखाता है ना कि इथियोपियाई यात्री विमान को जो हाल ही में क्रैश हुआ था। इस विमान में सवार सभी यात्रियों की मौत हो गई थी। हाल ही में हुए इथियोपियन एयरलाइंस के क्रैश का वीडियो",
    "verdict": {
        "result": "NOT_HATE",
        "hate_types": [],
        "reasoning": "The comment clarifies the origin of a crash video and does not target any protected group, use abusive language, or make defamatory claims. It serves as a factual correction rather than hate, offense, or defamation."
    }
}