{
    "comment_index": 223,
    "comment_text": "खत्म हुआ इंतजार सितंबर से खुलेगा ताज महल और आगरा किला",
    "verdict": {
        "result": "NOT_HATE",
        "hate_types": [],
        "reasoning": "The comment announces the reopening of the Taj Mahal and Agra Fort. While the accuracy of the information is questionable, the comment does not contain any hate speech, offensive language, or defamation. Therefore, it is classified as NOT_HATE."
    }
}