{
    "comment_index": 88,
    "comment_text": "पवन जी एक व्यक्ति रोज झूठ बोलता था और सब लोगों को पता चल गया कि झूठ बोलता है और वह नेक्स्ट दिन जब बोल रहा था तब वह बात सच थी लेकिन लोगों ने यही माना कि यह साला झूठ बोल रहा इसीलिए कांग्रेस का कोई वर्चस्व खत्म हो गया अब आप लोग इमली के पेड़ के नीचे आराम करो",
    "verdict": {
        "result": "HATE_SPEECH",
        "hate_types": [
            "offensive"
        ],
        "reasoning": "The comment contains vulgar/abusive language ('साला') and a derisive directive toward a political group ('अब आप लोग… इमली के पेड़ के नीचे आराम करो'), making it offensive. It does not present a verifiably false factual claim (no fake) or a specific false allegation about an identifiable individual (no defamation). While it disparages a political party/supporters, it lacks explicit incitement or dehumanization, so 'hate' is not applied."
    }
}