{
    "comment_index": 127,
    "comment_text": "के सिकंदरा इलाके में एक केमिकल फैक्ट्री में आग लगी। अब तक किसी के हताहत होने की सूचना नहीं है।",
    "verdict": {
        "result": "NOT_HATE",
        "hate_types": [],
        "reasoning": "The comment reports a fire in a chemical factory and the absence of casualties. It does not contain any elements of hate speech. The mention of the location is factual. The potential for misuse of the information does not make the original comment hateful. Therefore, the comment does not fall under any of the specified hate categories."
    }
}