{
    "comment_index": 31,
    "comment_text": "यदि दुकान की दूरी किमी तक है तो पैदल जाना होगा।",
    "verdict": {
        "result": "NOT_HATE",
        "hate_types": [],
        "reasoning": "The comment is a neutral, logistical statement about walking distance. It targets no individual or group, uses no slurs or insults, and contains no threats, defamation, or misleading claims, so none of ['fake','hate','offensive','defamation'] apply."
    }
}