{
    "comment_index": 145,
    "comment_text": "भारत ने पिछले घंटों में रिकवरी ठीक होने की दर दर्ज की जबकि नए मामले दर्ज किए गए पिछले घंटों में मौतें रिपोर्ट की गईं",
    "verdict": {
        "result": "NOT_HATE",
        "hate_types": [],
        "reasoning": "The comment reports factual information about COVID-19 statistics. It does not contain any hateful, offensive, defamatory, or fake content. It is a neutral reporting of data."
    }
}