{
    "comment_index": 93,
    "comment_text": "कोई भक्तों का नेटपैक रिचार्ज करवाओ अभी तक किसी ने भी गिरती अर्थव्यवस्था के फायदे नही गिनाये",
    "verdict": {
        "result": "HATE_SPEECH",
        "hate_types": [
            "offensive"
        ],
        "reasoning": "The comment sarcastically mocks and belittles “भक्तों” (a pejorative for staunch political supporters) by suggesting they need their data packs recharged to come online and justify a ‘falling economy.’ This is insulting and demeaning toward a group, making it offensive. It does not include verifiable false claims (not fake) or specific defamatory assertions about an individual (not defamation), and it lacks dehumanization or incitement that would clearly qualify as hate. Therefore, classify as offensive."
    }
}