{
    "comment_index": 36,
    "comment_text": "कांग्रेसी चमचे राहुल गांधी हर मुद्दे पर मोदी जी से हार क्यों जाते हैं शाम पित्रोदा हुआ तो हुआ",
    "verdict": {
        "result": "HATE_SPEECH",
        "hate_types": [
            "offensive"
        ],
        "reasoning": "The comment uses derogatory language (“कांग्रेसी चमचे”) and mocking tone toward a political group/opponent and a public figure (Rahul Gandhi), making it offensive. It does not target a protected characteristic, contain threats, or incite harm, so it is not classified as ‘hate’. There is no specific false factual allegation to qualify as defamation, and no verifiable false claim to mark as fake. Therefore, the applicable category is ‘offensive’ only."
    }
}