{
    "comment_index": 176,
    "comment_text": "मुंबई पुलिस अब रिया चक्रवर्ती को सुरक्षा देगी पुलिस की गाड़ी उसे एस्कॉर्ट करेगी रिया की सुरक्षा के लिए सीबीआई ने मुंबई पुलिस को लेटर लिखा था चिट्ठी में कहा है कि रिया जब भी घर से बाहर निकले तो उसे सुरक्षा दी जाए",
    "verdict": {
        "result": "NOT_HATE",
        "hate_types": [],
        "reasoning": "The comment reports on security arrangements for Rhea Chakraborty. While the veracity of the claim needs verification, the comment itself does not contain direct incitement to violence, harassment, or discrimination. The arguments for 'fake', 'offensive', and 'defamation' are not sufficiently established within the comment's content to justify a hate speech classification. The comment is a report of news, regardless of the user's intent or surrounding context."
    }
}