{
    "comment_index": 134,
    "comment_text": "आज सुबह सीहोर जिले की इछावर विधानसभा के चेनपुरा नाप्ली भड़ेली गावों में आक्सीजन जांच अभियान चलाया गया और प्रत्येक गांव में उसी गांव के निवासियों को पार्टी के तरफ से आक्सिमत्र की जिम्मेदारी भी प्रदान की गई।",
    "verdict": {
        "result": "NOT_HATE",
        "hate_types": [],
        "reasoning": "The comment describes a health initiative and the involvement of a 'party.' While it could be misused to spread disinformation or create division, the comment does not directly attack, insult, or incite violence or discrimination against any group or individual. The potential for misuse is not enough to classify it as hate speech. The comment is not inherently fake, offensive, or defamatory. Therefore, it is classified as NOT_HATE."
    }
}