{
    "comment_index": 48,
    "comment_text": "यह राहुल ईश्वर कमीना कब से से हो गया लगता है रवी श्रीवास्तव ओर सुमन्त रामन का असर आ गया है",
    "verdict": {
        "result": "HATE_SPEECH",
        "hate_types": [
            "offensive"
        ],
        "reasoning": "The comment targets Rahul Easwar with an explicit insult (“कमीना”), which is demeaning and abusive, making it offensive. It mentions Ravi Srivastava and Sumanth Raman as a negative influence but does not assert any specific, verifiable false facts; therefore it is not defamation or fake. It does not target a protected characteristic, so it is not classified as hate."
    }
}