{
    "comment_index": 175,
    "comment_text": "शिवराज सरकार का फैसला कलेक्टर ही कहे जाएंगे जिलाधिकारी नहीं बदलेगा पदनाम",
    "verdict": {
        "result": "NOT_HATE",
        "hate_types": [],
        "reasoning": "The comment reports a government decision. It is factual and neutral. The potential for misuse does not make the comment itself hateful, offensive, or fake."
    }
}