{
    "comment_index": 177,
    "comment_text": "डॉ कफील खान को जेल से किया गया रिहा",
    "verdict": {
        "result": "NOT_HATE",
        "hate_types": [],
        "reasoning": "The comment reports a factual event (Dr. Kafeel Khan's release from jail). While the topic is sensitive and could be used to spread misinformation or incite hatred, the comment itself is neutral and doesn't contain any hateful or offensive elements. The potential for harm lies in the context and subsequent actions of others, not in the statement itself."
    }
}