{
    "comment_index": 43,
    "comment_text": "कँगना की दीवार गिराना लोकतंत्र पर हमला हैं अरे कु७त्तो गुजरात में गरीबो के घर के आगे दीवार बना कर कौन सा लोकतंत्र सुरक्षित हुआ था ।।",
    "verdict": {
        "result": "HATE_SPEECH",
        "hate_types": [
            "offensive"
        ],
        "reasoning": "The comment contains a political critique but also uses the dehumanizing insult 'कु७त्तो' ('dogs') aimed at opponents, which is abusive and offensive. It does not target a protected class, nor does it assert specific false claims or reputational harm against an individual, so 'hate' (protected-group targeting), 'fake', and 'defamation' do not apply."
    }
}