{
    "comment_index": 74,
    "comment_text": "साही बोल रही हो आलिया ठरकी हवसी तेरा बाप के बारे में दुनिया जानती है बाप कितना बड़ा कमीना",
    "verdict": {
        "result": "HATE_SPEECH",
        "hate_types": [
            "hate",
            "offensive"
        ],
        "reasoning": "The comment targets a named individual (आलिया) and her father with sexualized slurs (“ठरकी”, “हवसी”) and a vulgar insult (“कमीना”), endorsing and amplifying abuse. This constitutes abusive harassment and offensive language. It does not present a specific, verifiable factual allegation, so ‘fake’ and ‘defamation’ do not apply."
    }
}