{
    "comment_index": 202,
    "comment_text": "टेलिकॉम कंपनियों को से राहत मोबाइल टैरिफ पर क्या होगा इसका असर",
    "verdict": {
        "result": "NOT_HATE",
        "hate_types": [],
        "reasoning": "The comment is a neutral question about economics and policy, lacking any hateful language, offensive content, defamation, or incitement. The potential for the comment to be used in a hateful context does not transform the comment itself into hate speech."
    }
}