{
    "comment_index": 52,
    "comment_text": "एक एंकर आकर कहता है कि एक विशेष समुदाय यूपीएससी में घुसपैठ कर रहा है क्या इससे ज़्यादा घातक कोई बात हो सकती है ऐसे",
    "verdict": {
        "result": "NOT_HATE",
        "hate_types": [],
        "reasoning": "The comment quotes an anchor’s claim about a “special community” and criticizes that rhetoric as dangerous. It does not endorse hostility or target a protected group; instead, it condemns inflammatory framing. Therefore, it does not fall under hate, offensive content, fake, or defamation."
    }
}