{
    "comment_index": 125,
    "comment_text": "शेम ऑन यू असम पुलिस। आप पर शर्म आती है असम पुलिस यह असम सरकार हमारे साथ कर रही है नीचे आप उनकी क्रूरता देख सकते हैं पुलिस उन राक्षसों की रक्षा करते हुए लाठी चार्ज कर रही है रबर की गोलियां चला रही हैं। यह वास्तव में असम के लिए एक काला दिन है। असम अभी जल रहा है।",
    "verdict": {
        "result": "HATE_SPEECH",
        "hate_types": [
            "offensive"
        ],
        "reasoning": "The comment harshly attacks Assam Police/Government and uses demeaning language, including calling others ‘राक्षसों’ (monsters), which is insulting and dehumanizing, thus offensive. It does not target a protected class, nor does it make specific verifiably false claims about an individual/entity, so ‘hate’, ‘defamation’, and ‘fake’ do not apply."
    }
}