{
    "comment_index": 194,
    "comment_text": "आपराधिक घटनाओं को अंजाम देने के लिए भाड़े पर हथियार देने वाले गिरोह का पर्दाफाश पुलिस ने कई सप्लायरों को दबोचा",
    "verdict": {
        "result": "NOT_HATE",
        "hate_types": [],
        "reasoning": "The comment reports on a police operation and the apprehension of individuals involved in alleged criminal activities. The language is objective and devoid of any bias towards or against any group. There is no evidence of hate speech, incitement to violence, or defamation. The comment provides factual information related to a police action."
    }
}