{
    "comment_index": 75,
    "comment_text": "जिस सोशल प्लेटफार्म के जरिये बीजेपी सत्ता में आयी और झूठ की बातों को प्रचार किया उसी प्लेटफार्म पर आजकल साहब को मिल रहे है वो भी बल्क में। समय फिरता है मालिक।",
    "verdict": {
        "result": "HATE_SPEECH",
        "hate_types": [
            "defamation"
        ],
        "reasoning": "The comment targets a political party (BJP) and an unnamed leader ('sahab') and asserts they used a platform to spread lies. This is a reputationally damaging allegation presented as fact without evidence, fitting defamation. The tone is sarcastic but lacks slurs, threats, or dehumanization and does not target a protected class, so 'hate' does not apply. It also does not use explicit abusive/profane language, so 'offensive' is not warranted. The claim cannot be verified here and is framed as opinionated political critique, so 'fake' is not applicable."
    }
}