{
    "comment_index": 178,
    "comment_text": "पिछले कुछ ही घंटों में अभिनेता अर्जुन कपूर पहलवान दीपक पूनिया और कांग्रेस नेता दीपेंद्र हुड्डा के कोरोना पॉज़िटिव होने की ख़बर आई है",
    "verdict": {
        "result": "NOT_HATE",
        "hate_types": [],
        "reasoning": "The comment reports factual news about individuals testing positive for COVID-19. The potential for the comment to spread misinformation is present, but the comment itself does not contain any demonstrable falsehoods or hateful content. Therefore, it does not fall under any of the hate speech categories."
    }
}