{
    "comment_index": 129,
    "comment_text": "कल द्वारा संचालित बसों के माध्यम से लाख लोगों ने यात्रा की गृह व सूचना श्री जी",
    "verdict": {
        "result": "NOT_HATE",
        "hate_types": [],
        "reasoning": "The comment, 'कल द्वारा संचालित बसों के माध्यम से लाख लोगों ने यात्रा की गृह व सूचना श्री जी' (Yesterday, through buses, lakhs of people traveled. Home and Information Shri Ji), lacks sufficient context to be definitively categorized as 'fake', 'offensive', or 'hate'. While the information about the number of travelers *could* be inaccurate, there's no evidence the comment aims to deceive. The reference to 'Home and Information Shri Ji' is unclear without further context and doesn't target any specific group with hateful intent. Therefore, a 'NOT_HATE' verdict is appropriate."
    }
}